state,year,population,property_rates_all,rates_burglary,rates_larceny,rates_motor,violent_rates_all,rates_assault,rates_murder,rates_rape,rates_robbery,property_total_all,total_burglary,total_larceny,total_motor,violent_total_all,total_assault,total_murder,total_rape,total_robbery
Illinois,1960,10081158,1976.8,577.7,1045.7,353.3,365.1,133.8,4.9,17.6,208.8,199283,58241,105423,35619,36802,13492,489,1773,21048
Illinois,1961,10258000,2082.3,586.9,1140.6,354.8,362.2,135.7,4.8,17.2,204.5,213602,60204,117006,36392,37156,13920,492,1767,20977
Illinois,1962,10146000,2162.4,555.7,1235.0,371.7,383.7,158.3,5.3,18.6,201.5,219393,56377,125306,37710,38926,16063,537,1884,20442
Illinois,1963,10182000,2255.0,541.3,1332.1,381.6,330.3,122.7,5.1,13.9,188.5,229605,55117,135634,38854,33627,12495,523,1416,19193
Illinois,1964,10489000,2333.4,547.4,1380.3,405.7,351.9,149.2,5.5,15.0,182.3,244754,57416,144783,42555,36916,15652,572,1569,19123
Illinois,1965,10644000,2223.2,550.2,1293.1,379.9,322.7,136.7,5.2,16.0,164.7,236638,58566,137634,40438,34345,14553,551,1706,17535
Illinois,1966,10722000,2394.4,560.5,1418.6,415.3,364.8,156.4,6.9,16.6,184.9,256731,60099,152102,44530,39116,16770,745,1777,19824
Illinois,1967,10893000,2516.2,608.5,1486.1,421.7,394.3,168.3,7.3,17.9,200.9,274089,66282,161876,45931,42956,18331,793,1953,21879
Illinois,1968,10974000,2829.8,683.6,1705.2,441.0,408.0,172.0,8.1,16.4,211.5,310546,75013,187133,48400,44776,18876,893,1798,23209
Illinois,1969,11047000,3020.0,738.7,1806.8,474.5,448.5,184.0,8.6,19.1,236.7,333618,81602,199600,52416,49543,20327,950,2113,26153
Illinois,1970,11113976,3311.6,765.4,2028.4,517.8,467.9,186.8,9.6,20.4,251.1,368055,85067,225437,57551,52006,20762,1066,2270,27908
Illinois,1971,11196000,3408.1,836.7,2095.6,475.8,477.3,187.9,9.6,21.6,258.1,381567,93682,234618,53267,53436,21039,1079,2418,28900
Illinois,1972,11251000,3283.1,846.1,1994.0,443.0,508.1,215.9,8.8,23.3,260.1,369377,95190,224344,49843,57162,24287,985,2623,29267
Illinois,1973,11236000,3769.1,1025.1,2236.2,507.7,555.9,248.7,10.4,24.0,272.8,423492,115183,251263,57046,62457,27949,1163,2694,30651
Illinois,1974,11131000,4557.1,1264.2,2761.5,531.4,627.1,274.2,11.8,27.7,313.4,507254,140717,307382,59155,69806,30523,1319,3082,34882
Illinois,1975,11145000,5033.2,1409.7,3030.0,593.5,670.2,308.1,10.6,25.7,325.8,560955,157110,337698,66147,74699,34343,1179,2869,36308
Illinois,1976,11229000,4829.5,1258.4,2991.8,579.3,625.8,303.7,10.3,24.6,287.1,542301,141305,335946,65050,70266,34099,1161,2763,32243
Illinois,1977,11245000,4697.1,1257.0,2828.5,611.7,630.6,314.3,9.9,26.1,280.3,528191,141346,318062,68783,70910,35345,1109,2932,31524
Illinois,1978,11243000,4943.1,1350.7,2969.9,622.5,676.7,345.9,9.9,28.0,292.9,555753,151854,333910,69989,76084,38893,1108,3151,32932
Illinois,1979,11230000,5287.2,1440.6,3170.6,676.0,743.9,379.2,10.7,33.0,321.1,593750,161776,356062,75912,83540,42579,1203,3702,36056
Illinois,1980,11355062,5461.1,1559.6,3252.5,649.0,808.0,395.6,10.6,34.8,367.0,620107,177099,369319,73689,91753,44923,1205,3950,41675
Illinois,1981,11455000,5323.2,1511.5,3201.2,610.5,792.5,376.3,10.5,32.4,373.2,609767,173142,366696,69929,90781,43108,1205,3716,42752
Illinois,1982,11448000,5066.0,1373.8,3093.2,599.0,774.3,388.8,8.8,29.9,346.8,579954,157273,354106,68575,88644,44515,1005,3424,39700
Illinois,1983,11486000,4813.3,1292.4,2952.0,569.0,728.1,368.0,9.7,31.5,318.9,552857,148445,339061,65351,83629,42273,1112,3619,36625
Illinois,1984,11511000,4579.3,1173.4,2820.3,585.6,724.9,380.9,9.0,31.2,303.8,527124,135068,324649,67407,83441,43849,1033,3594,34965
Illinois,1985,11535000,4596.5,1135.8,2869.8,590.9,714.8,380.3,8.0,39.3,287.1,530205,131015,331030,68160,82448,43872,927,4529,33120
Illinois,1986,11533000,4746.0,1179.8,2937.9,628.3,808.9,433.5,8.9,41.2,325.3,548311,136306,339418,72587,93454,50083,1023,4765,37583
Illinois,1987,11582000,4620.3,1123.7,2957.1,539.5,796.2,435.2,8.3,38.4,314.3,535126,130147,342492,62487,92216,50400,967,4443,36406
Illinois,1988,11544000,4810.4,1128.7,3076.5,605.3,810.4,450.6,8.6,38.5,312.7,555316,130292,355148,69876,93557,52020,991,4449,36097
Illinois,1989,11658000,4793.3,1076.0,3109.9,607.4,845.9,465.4,9.0,35.7,335.7,558803,125441,362556,70806,98611,54261,1051,4161,39138
Illinois,1990,11430602,4967.7,1063.0,3262.0,642.8,967.4,523.6,10.3,39.4,394.0,567841,121506,372862,73473,110575,59850,1182,4505,45038
Illinois,1991,11543000,5092.9,1120.0,3317.5,655.3,1039.2,531.8,11.3,40.0,456.1,587868,129284,382942,75642,119955,61387,1300,4615,52653
Illinois,1992,11631000,4788.1,1077.3,3091.9,618.8,977.3,516.4,11.4,37.1,412.5,556900,125306,359618,71976,113664,60057,1322,4312,47973
Illinois,1993,11697000,4658.2,1015.5,3084.0,558.7,959.7,532.6,11.4,34.6,381.2,544869,118788,360730,65351,112260,62298,1332,4046,44584
Illinois,1994,11752000,4664.9,1005.1,3096.4,563.5,960.9,543.3,11.7,33.3,372.6,548222,118116,363888,66218,112928,63849,1378,3913,43788
Illinois,1995,11830000,4459.6,917.6,3019.0,523.0,996.1,618.5,10.3,36.5,330.8,527572,108555,357143,61874,117836,73163,1221,4313,39139
Illinois,1996,11847000,4429.6,913.2,3026.2,490.2,890.4,562.6,10.0,38.4,279.4,524777,108185,358515,58077,105482,66649,1179,4548,33106
Illinois,1997,11896000,4279.7,870.5,2943.3,465.9,861.4,536.7,9.2,37.1,278.4,509113,103550,350140,55423,102476,63842,1096,4415,33123
Illinois,1998,12045000,4050.8,811.9,2799.4,439.5,807.7,516.9,8.4,34.0,248.5,487915,97792,337191,52932,97291,62261,1008,4095,29927
Illinois,1999,12128370,3825.2,711.7,2646.3,467.2,689.5,428.9,7.7,35.4,217.4,463939,86317,320954,56668,83621,52020,939,4297,26365
Illinois,2000,12419293,3585.4,659.1,2521.6,404.7,653.8,408.5,7.2,31.6,206.5,445278,81850,313161,50267,81196,50731,898,3926,25641
Illinois,2001,12520227,3471.6,632.2,2450.1,389.2,633.1,394.1,7.8,32.0,199.1,434648,79158,306757,48733,79270,49347,982,4010,24931
Illinois,2002,12586447,3420.2,647.0,2417.1,356.0,601.9,358.4,7.6,34.7,201.1,430479,81440,304227,44812,75759,45114,961,4370,25314
Illinois,2003,12649087,3287.9,619.4,2339.4,329.1,556.4,328.1,7.1,33.1,188.0,415885,78345,295907,41633,70376,41506,895,4189,23786
Illinois,2004,12712016,3174.1,598.6,2257.9,317.6,545.7,328.7,6.1,33.2,177.6,403486,76088,287025,40373,69365,41783,780,4220,22582
Illinois,2005,12765427,3092.0,608.2,2175.0,308.0,552.0,330.3,6.0,33.8,182.2,394670,77635,277662,39373,70496,42158,770,4313,23255
Illinois,2006,12831970,3019.6,602.1,2124.2,293.3,541.6,318.4,6.1,31.8,185.3,387478,77259,272578,37641,69498,40858,780,4078,23782
Illinois,2007,12852548,2935.8,587.6,2084.5,263.7,533.2,315.7,5.9,31.9,179.7,377322,75524,267911,33887,68528,40573,752,4103,23100
Illinois,2008,12901563,2932.6,612.1,2068.1,252.5,525.4,300.9,6.1,31.9,186.4,378355,78968,266815,32572,67780,38818,790,4118,24054
Illinois,2009,12910409,2736.9,603.0,1927.3,206.6,497.2,283.4,6.0,30.2,177.6,353347,77850,248821,26676,64185,36588,773,3901,22923
Illinois,2010,12841980,2718.1,603.3,1889.7,225.1,444.9,256.8,5.5,23.9,158.7,349064,77472,242681,28911,57132,32976,704,3066,20386
Illinois,2011,12859752,2678.7,604.4,1845.8,228.5,424.0,237.1,6.1,23.6,157.2,344468,77719,237362,29387,54523,30495,781,3030,20217
Illinois,2012,12875255,2578.7,552.2,1826.9,199.5,414.8,230.0,5.8,27.7,151.2,332013,71101,235222,25690,53403,29618,744,3570,19471
Illinois,2013,12882135,204.0,2274.3,452.1,1659.8,380.2,137.6,5.5,33.1,25.4,26283,292983,58237,213813,48974,17722,706,4263,3276
Illinois,2014,12880580,213.7,2075.9,388.2,1552.2,370.0,118.8,5.3,32.3,23.9,27520,267385,50008,199926,47663,15299,685,4159,3081
Illinois,2015,12859995,224.6,1988.6,361.1,1490.2,383.8,115.9,5.8,37.5,27.6,28879,255729,46443,191634,49354,14910,744,4821,3549
Illinois,2016,12801539,2049.0,374.9,1518.6,155.5,436.3,250.5,8.2,38.3,139.3,262306,47989,194407,19910,55854,32065,1054,4908,17827
Illinois,2017,12802023,2011.4,339.5,1508.8,163.1,438.8,250.4,7.8,43.4,137.2,257497,43459,193157,20881,56180,32060,997,5556,17567
Illinois,2018,12741080,1932.8,306.7,1472.3,153.8,404.1,239.7,6.9,46.0,111.5,246264,39080,187591,19593,51490,30539,884,5859,14208
Illinois,2019,12671821,1846.5,271.7,1426.6,148.2,406.9,254.0,6.6,48.0,98.4,233984,34433,180776,18775,51561,32187,832,6078,12464
Indiana,1960,4662498,1469.1,460.8,840.7,167.6,84.6,40.6,4.4,5.1,34.5,68496,21486,39196,7814,3945,1892,204,240,1609
Indiana,1961,4711000,1546.8,470.4,899.6,176.8,85.8,37.6,4.1,5.3,38.8,72871,22162,42379,8330,4044,1773,192,250,1829
Indiana,1962,4715000,1713.9,470.5,1049.3,194.1,88.9,40.7,3.5,6.1,38.5,80810,22183,49473,9154,4191,1921,167,289,1814
Indiana,1963,4694000,1947.5,538.9,1195.7,213.0,102.7,44.5,2.8,8.1,47.3,91417,25294,56127,9996,4819,2090,130,380,2219
Indiana,1964,4825000,2047.2,534.7,1287.0,225.6,136.0,64.5,3.0,10.5,58.1,98778,25797,62098,10883,6564,3110,147,505,2802
Indiana,1965,4885000,2033.4,556.4,1230.6,246.5,137.1,65.6,3.5,10.6,57.4,99334,27178,60113,12043,6695,3204,173,516,2802
Indiana,1966,4918000,2189.8,627.5,1286.7,275.5,146.3,68.9,4.0,10.6,62.8,107692,30859,63282,13551,7196,3390,197,520,3089
Indiana,1967,5000000,2429.6,701.5,1389.3,338.9,162.9,67.8,3.8,12.7,78.7,121481,35074,69464,16943,8143,3389,188,633,3933
Indiana,1968,5067000,2718.4,743.9,1562.5,411.9,201.9,81.4,4.8,14.6,101.0,137739,37693,79174,20872,10229,4126,243,741,5119
Indiana,1969,5118000,2891.2,819.0,1677.8,394.5,198.1,82.7,5.0,16.9,93.6,147973,41916,85869,20188,10141,4234,255,864,4788
Indiana,1970,5193669,3250.3,925.8,1874.2,450.3,234.6,99.6,4.9,19.9,110.3,168811,48084,97338,23389,12184,5171,253,1031,5729
Indiana,1971,5274000,3275.7,969.0,1903.9,402.7,247.1,96.3,5.3,19.4,126.0,172758,51104,100414,21240,13031,5078,282,1025,6646
Indiana,1972,5291000,3164.6,948.4,1850.7,365.5,245.1,105.4,6.1,22.5,111.1,167440,50180,97921,19339,12968,5577,321,1192,5878
Indiana,1973,5316000,3469.1,1035.8,2043.3,389.9,257.6,118.2,7.3,23.3,108.8,184415,55064,108623,20728,13696,6284,388,1239,5785
Indiana,1974,5330000,4043.6,1254.6,2396.0,393.0,293.3,127.3,8.0,23.5,134.4,215524,66870,127706,20948,15631,6783,427,1255,7166
Indiana,1975,5311000,4578.6,1376.4,2813.9,388.3,332.8,143.3,8.5,24.3,156.8,243170,73103,149447,20620,17677,7609,449,1291,8328
Indiana,1976,5302000,4357.9,1215.6,2769.9,372.4,315.4,156.3,7.1,23.2,128.8,231055,64450,146859,19746,16721,8286,377,1228,6830
Indiana,1977,5330000,3962.3,1086.2,2498.7,377.4,310.6,153.5,7.4,26.5,123.2,211190,57894,133179,20117,16553,8181,395,1412,6565
Indiana,1978,5374000,4015.1,1108.3,2495.7,411.1,323.5,168.8,6.2,27.0,121.4,215770,59561,134119,22090,17383,9072,334,1451,6526
Indiana,1979,5400000,4263.4,1169.9,2660.5,433.0,338.0,165.9,8.3,31.1,132.7,230223,63176,143666,23381,18254,8958,448,1681,7167
Indiana,1980,5461103,4552.5,1313.3,2807.1,432.2,377.8,194.5,8.9,33.1,141.4,248619,71720,153297,23602,20633,10620,485,1808,7720
Indiana,1981,5466000,4198.2,1168.8,2690.0,339.3,341.6,176.0,7.1,29.6,129.0,229472,63887,147038,18547,18672,9618,388,1616,7050
Indiana,1982,5471000,4128.9,1088.8,2713.5,326.6,300.6,157.2,6.5,27.8,109.0,225894,59569,148454,17871,16444,8602,355,1521,5966
Indiana,1983,5479000,3846.0,988.3,2535.7,322.1,283.8,151.1,5.2,27.5,99.9,210725,54147,138929,17649,15547,8278,286,1509,5474
Indiana,1984,5498000,3624.2,928.0,2345.2,351.0,305.2,175.9,5.5,25.0,98.9,199258,51019,128941,19298,16781,9671,303,1372,5435
Indiana,1985,5499000,3604.7,914.6,2361.5,328.5,309.4,187.5,5.8,24.0,92.1,198220,50295,129861,18064,17014,10312,319,1318,5065
Indiana,1986,5504000,3547.1,886.7,2332.9,327.5,307.7,185.9,6.0,25.9,90.0,195233,48802,128404,18027,16937,10230,329,1424,4954
Indiana,1987,5531000,3791.3,946.7,2490.0,354.5,328.5,205.2,5.6,29.1,88.6,209695,52363,137722,19610,18169,11352,307,1609,4901
Indiana,1988,5575000,3770.0,935.2,2481.3,353.5,380.0,253.5,6.4,31.0,89.0,210177,52137,138335,19705,21187,14135,358,1731,4963
Indiana,1989,5593000,4033.5,969.1,2673.2,391.1,406.5,266.5,6.3,32.3,101.4,225592,54201,149514,21877,22735,14907,353,1804,5671
Indiana,1990,5544159,4209.4,943.3,2827.1,439.0,473.9,328.4,6.2,37.9,101.3,233376,52297,156741,24338,26275,18209,344,2103,5619
Indiana,1991,5610000,4312.5,977.1,2870.6,464.8,505.3,340.5,7.5,41.3,116.0,241930,54814,161039,26077,28349,19102,423,2318,6506
Indiana,1992,5662000,4178.5,952.1,2776.1,450.3,508.5,335.7,8.2,42.4,122.2,236584,53907,157181,25496,28791,19008,464,2398,6921
Indiana,1993,5713000,3976.0,852.0,2695.9,428.1,489.1,322.6,7.5,39.1,119.8,227149,48677,154016,24456,27941,18432,430,2234,6845
Indiana,1994,5752000,4067.7,850.5,2782.4,434.8,525.1,351.5,7.9,35.6,130.2,233975,48921,160043,25011,30205,20216,453,2046,7490
Indiana,1995,5803000,4106.8,821.6,2819.5,465.7,524.7,348.3,8.0,33.3,135.2,238317,47676,163618,27023,30451,20211,466,1930,7844
Indiana,1996,5841000,3961.2,783.8,2752.6,424.9,537.0,371.6,7.2,34.1,124.1,231376,45782,160777,24817,31366,21705,420,1992,7249
Indiana,1997,5864000,3951.6,821.7,2701.9,428.0,514.6,342.1,7.3,32.9,132.4,231723,48182,158442,25099,30179,20058,430,1928,7763
Indiana,1998,5899000,3738.4,789.2,2590.1,359.2,431.0,279.0,7.7,33.1,111.2,220529,46552,152790,21187,25423,16456,454,1952,6561
Indiana,1999,5942901,3391.4,714.5,2335.5,341.4,374.6,231.7,6.6,27.0,109.3,201547,42463,138794,20290,22261,13767,391,1607,6496
Indiana,2000,6080485,3402.8,676.1,2379.9,346.8,349.1,211.1,5.8,28.9,103.3,206905,41108,144707,21090,21230,12837,352,1759,6282
Indiana,2001,6126743,3452.9,697.9,2404.1,350.9,371.1,219.3,6.7,28.0,117.0,211548,42758,147291,21499,22734,13434,413,1716,7171
Indiana,2002,6156913,3394.0,692.0,2372.5,329.5,357.3,214.1,5.9,29.9,107.4,208965,42605,146073,20287,22001,13184,362,1843,6612
Indiana,2003,6199571,3355.7,670.7,2349.9,335.0,352.3,215.9,5.5,27.7,103.2,208039,41582,145686,20771,21842,13383,338,1720,6401
Indiana,2004,6226537,3403.6,677.2,2387.7,338.7,325.9,189.5,5.1,29.0,102.4,211929,42168,148670,21091,20294,11802,316,1803,6373
Indiana,2005,6266019,3460.0,698.3,2414.0,347.0,324.0,180.0,5.7,29.6,108.7,216778,43756,151278,21744,20302,11281,356,1856,6809
Indiana,2006,6313520,3449.5,721.3,2386.2,342.0,321.6,173.5,5.7,28.7,113.6,217783,45538,150655,21590,20303,10956,361,1811,7175
Indiana,2007,6345289,3370.8,732.6,2332.4,305.8,335.8,179.3,5.5,27.4,123.6,213887,46485,147999,19403,21310,11377,350,1738,7845
Indiana,2008,6376792,3350.3,765.4,2310.5,274.4,337.6,186.8,5.0,26.8,118.9,213639,48805,147334,17500,21525,11912,322,1711,7580
Indiana,2009,6423113,3112.3,761.0,2135.9,215.4,334.0,189.5,4.9,25.2,114.4,199907,48880,137190,13837,21455,12175,312,1621,7347
Indiana,2010,6490622,3070.2,748.3,2113.9,208.0,323.3,191.0,4.1,27.1,101.1,199274,48570,137204,13500,20983,12396,268,1760,6559
Indiana,2011,6516353,3161.5,776.1,2158.1,227.4,331.8,193.0,4.7,27.0,107.1,206016,50571,140630,14815,21619,12578,306,1758,6977
Indiana,2012,6537334,3029.2,728.3,2092.0,209.0,345.7,214.6,4.7,25.5,100.9,198032,47612,136759,13661,22602,14027,310,1667,6598
Indiana,2013,6570902,211.3,2854.0,653.0,1984.9,357.4,108.2,5.4,32.6,25.0,13882,187536,42909,130423,23487,7108,355,2142,1646
Indiana,2014,6596855,222.6,2649.4,559.3,1880.0,365.3,104.5,5.0,33.1,24.5,14686,174776,36893,124022,24099,6897,330,2186,1615
Indiana,2015,6619680,238.2,2596.0,519.8,1872.0,387.5,107.4,5.6,36.3,27.0,15765,171847,34410,123918,25653,7111,373,2404,1789
Indiana,2016,6633053,2589.4,514.0,1853.3,222.1,404.7,249.9,6.6,37.7,110.5,171759,34097,122931,14731,26845,16575,439,2501,7330
Indiana,2017,6666818,2416.9,452.1,1733.8,231.0,399.0,254.6,6.0,39.4,99.0,161132,30140,115591,15401,26598,16976,397,2625,6600
Indiana,2018,6691878,2179.3,377.6,1572.7,229.1,382.3,251.6,6.5,35.4,88.7,145838,25268,105242,15328,25581,16834,438,2370,5939
Indiana,2019,6732219,1971.0,323.7,1443.4,203.8,370.8,249.3,5.6,36.8,79.2,132694,21795,97176,13723,24966,16783,377,2475,5331
Iowa,1960,2757537,1100.1,231.2,792.9,76.0,23.8,8.6,0.6,3.7,10.9,30335,6375,21865,2095,656,236,17,102,301
Iowa,1961,2779000,1057.6,228.7,759.1,69.8,23.1,8.5,1.3,2.9,10.5,29392,6356,21096,1940,643,235,36,81,291
Iowa,1962,2777000,1117.4,263.8,780.3,73.4,20.1,6.7,1.1,3.8,8.6,31031,7326,21668,2037,559,185,31,105,238
Iowa,1963,2780000,1156.7,270.4,804.8,81.5,22.6,8.7,1.3,3.6,9.1,32155,7516,22374,2265,629,241,35,100,253
Iowa,1964,2756000,1319.9,290.4,933.7,95.8,36.5,19.0,1.3,5.0,11.2,36376,8004,25733,2639,1007,525,35,137,310
Iowa,1965,2760000,1358.9,304.3,950.0,104.7,38.7,20.1,1.3,4.5,12.8,37507,8398,26220,2889,1067,554,36,123,354
Iowa,1966,2747000,1599.6,336.5,1131.2,131.9,44.2,25.0,1.6,4.8,12.8,43941,9245,31074,3622,1214,688,43,132,351
Iowa,1967,2753000,1822.6,431.6,1235.8,155.2,58.4,30.3,1.5,5.6,21.0,50176,11881,34022,4273,1608,833,42,155,578
Iowa,1968,2748000,2075.2,474.1,1436.5,164.6,68.5,35.0,1.7,6.8,25.0,57026,13027,39476,4523,1882,962,48,186,686
Iowa,1969,2781000,2183.5,489.1,1516.9,177.5,69.0,38.8,1.4,6.4,22.4,60724,13603,42184,4937,1918,1079,39,178,622
Iowa,1970,2825041,2425.8,507.3,1743.4,175.0,79.3,42.8,1.9,6.2,28.5,68529,14331,49253,4945,2241,1208,54,175,804
Iowa,1971,2852000,2526.6,531.6,1841.8,153.3,98.9,57.8,1.8,8.9,30.4,72060,15160,52528,4372,2822,1649,52,255,866
Iowa,1972,2883000,2444.4,521.6,1753.7,169.1,87.4,50.3,1.7,8.6,26.7,70471,15037,50560,4874,2519,1451,50,248,770
Iowa,1973,2904000,2729.3,634.0,1904.6,190.7,102.3,55.9,2.2,11.3,32.9,79260,18412,55310,5538,2970,1624,63,329,954
Iowa,1974,2855000,3292.6,791.5,2282.1,219.1,121.0,60.4,1.9,10.1,48.7,94005,22597,65153,6255,3455,1724,54,287,1390
Iowa,1975,2870000,3768.0,818.5,2719.8,229.7,140.7,74.4,2.5,10.3,53.5,108142,23492,78057,6593,4039,2135,71,297,1536
Iowa,1976,2870000,3918.6,827.1,2884.6,206.9,132.9,78.7,2.3,10.7,41.1,112463,23737,82788,5938,3813,2259,67,307,1180
Iowa,1977,2879000,3717.5,812.5,2685.1,219.9,144.0,89.8,2.3,10.6,41.2,107027,23392,77304,6331,4145,2585,67,306,1187
Iowa,1978,2896000,3818.7,870.6,2712.9,235.1,161.4,101.6,2.6,10.4,46.9,110589,25214,78567,6808,4674,2943,74,300,1357
Iowa,1979,2903000,4120.6,922.1,2928.8,269.7,181.2,117.7,2.2,11.0,50.2,119620,26768,85023,7829,5259,3417,65,320,1457
Iowa,1980,2907804,4546.4,1079.5,3219.1,247.8,200.4,129.0,2.2,14.3,54.9,132200,31390,93605,7205,5826,3751,63,416,1596
Iowa,1981,2897000,4512.4,1067.5,3221.7,223.2,204.2,134.5,2.6,13.4,53.6,130723,30925,93333,6465,5915,3896,76,389,1554
Iowa,1982,2905000,3963.8,947.8,2842.3,173.7,172.7,121.8,2.3,12.5,36.2,115148,27535,82568,5045,5018,3538,67,362,1051
Iowa,1983,2905000,3737.9,915.6,2664.4,157.9,181.1,125.2,2.3,12.6,41.0,108587,26599,77402,4586,5262,3637,68,365,1192
Iowa,1984,2910000,3600.9,871.4,2571.1,158.4,198.7,145.5,2.0,12.9,38.3,104785,25357,74818,4610,5781,4233,59,375,1114
Iowa,1985,2884000,3731.2,913.6,2664.2,153.4,211.7,156.1,1.9,12.6,41.2,107607,26349,76835,4423,6106,4501,55,363,1187
Iowa,1986,2851000,3915.6,956.0,2801.3,158.3,235.1,178.8,1.8,12.5,42.0,111633,27255,79864,4514,6703,5099,51,356,1197
Iowa,1987,2834000,3909.0,917.8,2840.1,151.1,231.2,181.1,2.1,11.9,36.2,110781,26010,80489,4282,6553,5132,59,337,1025
Iowa,1988,2834000,3819.8,854.3,2803.4,162.2,256.8,199.5,1.7,15.7,39.9,108254,24211,79447,4596,7279,5654,47,446,1132
Iowa,1989,2840000,3815.1,846.9,2809.9,158.3,266.3,209.2,1.9,16.2,39.0,108349,24052,79801,4496,7563,5942,54,459,1108
Iowa,1990,2776755,3801.2,808.4,2822.9,169.9,299.7,240.1,1.9,18.4,39.2,105550,22448,78384,4718,8321,6668,54,510,1089
Iowa,1991,2795000,3830.7,832.5,2827.5,170.7,303.3,235.4,2.0,20.9,45.0,107069,23267,79030,4772,8477,6580,57,583,1257
Iowa,1992,2812000,3679.2,753.8,2766.3,159.1,278.0,218.0,1.6,18.8,39.6,103459,21197,77788,4474,7816,6131,44,528,1113
Iowa,1993,2814000,3521.0,730.7,2599.4,190.8,325.5,244.8,2.3,24.4,53.9,99080,20562,73148,5370,9159,6890,66,686,1517
Iowa,1994,2829000,3339.5,667.1,2492.3,180.1,315.1,243.0,1.7,23.5,46.9,94475,18872,70507,5096,8914,6874,47,666,1327
Iowa,1995,2842000,3747.5,757.5,2767.2,222.8,354.4,277.8,1.8,21.8,53.0,106504,21527,78645,6332,10071,7894,51,619,1507
Iowa,1996,2852000,3376.4,664.6,2520.8,191.1,272.5,205.9,1.9,19.7,45.1,96296,18954,71893,5449,7771,5871,53,561,1286
Iowa,1997,2852000,3505.8,771.5,2500.0,234.3,310.0,232.0,1.8,20.3,55.9,99986,22003,71301,6682,8841,6617,52,579,1593
Iowa,1998,2862000,3189.1,673.7,2306.6,208.7,311.5,233.3,1.9,25.4,50.9,91272,19282,66016,5974,8916,6678,54,728,1456
Iowa,1999,2869413,2943.6,592.9,2171.7,179.0,280.0,214.7,1.5,27.2,36.6,84463,17012,62316,5135,8034,6160,43,780,1051
Iowa,2000,2926324,2967.3,558.4,2225.2,183.6,266.4,205.1,1.6,23.1,36.6,86834,16342,65118,5374,7796,6003,46,676,1071
Iowa,2001,2931967,3023.0,575.9,2259.4,187.8,268.2,205.1,1.7,22.1,39.4,88634,16885,66244,5505,7865,6012,50,649,1154
Iowa,2002,2935840,3163.6,635.0,2330.2,198.3,285.7,217.2,1.5,27.1,39.8,92877,18643,68411,5823,8388,6378,44,797,1169
Iowa,2003,2941976,2976.0,595.3,2189.0,191.7,277.9,210.7,1.7,27.1,38.4,87554,17515,64400,5639,8175,6198,50,796,1131
Iowa,2004,2952904,2904.8,607.1,2106.9,190.8,287.8,220.6,1.5,26.5,39.3,85775,17928,62214,5633,8499,6513,44,782,1160
Iowa,2005,2965524,2845.0,611.9,2048.0,186.0,293.0,224.5,1.3,28.6,38.9,84370,18147,60723,5500,8697,6657,40,847,1153
Iowa,2006,2982085,2823.6,609.0,2045.5,169.1,285.7,210.8,1.8,29.2,43.9,84202,18160,60998,5044,8521,6286,55,871,1309
Iowa,2007,2988046,2648.3,574.8,1908.2,165.3,300.2,222.0,1.3,32.5,44.4,79133,17176,57018,4939,8970,6633,39,970,1328
Iowa,2008,3002555,2440.4,552.8,1741.8,145.7,288.1,212.8,2.6,31.2,41.6,73273,16598,52299,4376,8651,6388,77,937,1249
Iowa,2009,3007856,2329.9,545.9,1654.2,129.8,282.1,211.3,1.3,29.6,39.9,70080,16419,49757,3904,8485,6356,38,890,1201
Iowa,2010,3050202,2253.6,549.0,1580.0,124.6,268.5,205.2,1.2,28.9,33.2,68740,16746,48194,3800,8191,6258,38,883,1012
Iowa,2011,3064097,2351.2,573.5,1647.2,130.5,257.3,200.7,1.4,28.3,26.9,72043,17573,50472,3998,7883,6149,44,866,824
Iowa,2012,3074186,2271.8,556.1,1584.8,130.9,263.9,202.8,1.5,28.3,31.3,69839,17096,48720,4023,8112,6234,45,871,962
Iowa,2013,3090416,204.6,2193.9,513.5,1543.0,271.4,30.4,1.4,35.0,24.5,6323,67800,15868,47686,8388,939,43,1083,757
Iowa,2014,3107126,201.6,2093.8,464.4,1495.8,273.5,33.6,1.9,36.3,26.6,6264,65056,14428,46477,8497,1045,60,1128,828
Iowa,2015,3123899,213.2,2047.3,476.7,1431.6,286.1,33.5,2.3,37.0,27.2,6661,63957,14892,44723,8936,1047,72,1156,851
Iowa,2016,3134693,2086.0,479.5,1447.6,159.0,290.6,212.0,2.3,39.8,36.6,65391,15030,45378,4983,9110,6644,71,1247,1148
Iowa,2017,3145711,2125.3,479.3,1468.6,177.4,293.4,211.0,3.3,39.2,39.8,66855,15078,46198,5579,9230,6639,104,1234,1253
Iowa,2018,3156145,1691.5,352.6,1190.4,148.5,250.1,187.9,1.7,30.9,29.5,53385,11127,37571,4687,7893,5931,54,976,932
Iowa,2019,3155070,1733.7,371.1,1199.6,163.0,266.6,200.4,1.9,36.9,27.4,54699,11710,37847,5142,8410,6323,60,1164,863
Kansas,1960,2178611,1336.6,353.7,895.8,87.2,58.4,31.6,2.9,5.0,18.8,29120,7705,19515,1900,1272,689,64,109,410
Kansas,1961,2194000,1363.6,331.6,946.4,85.7,58.4,30.2,1.9,5.4,21.0,29918,7275,20763,1880,1282,663,41,118,460
Kansas,1962,2219000,1501.3,339.4,1059.7,102.3,66.6,35.5,2.8,6.6,21.6,33314,7531,23514,2269,1477,787,63,147,480
Kansas,1963,2225000,1559.7,370.1,1081.7,108.0,82.3,44.0,2.6,6.7,29.1,34704,8234,24068,2402,1831,978,57,148,648
Kansas,1964,2225000,1858.2,432.6,1286.0,139.6,115.6,73.2,3.4,11.1,28.0,41345,9626,28613,3106,2573,1629,75,246,623
Kansas,1965,2234000,1883.2,467.5,1293.0,122.7,107.1,71.2,2.7,9.1,24.0,42070,10443,28886,2741,2392,1591,60,204,537
Kansas,1966,2250000,1990.2,476.1,1366.3,147.8,111.9,69.9,3.5,8.9,29.6,44779,10712,30742,3325,2517,1572,78,200,667
Kansas,1967,2275000,2331.7,598.2,1548.6,184.9,142.8,86.0,4.0,10.7,42.2,53047,13610,35231,4206,3248,1956,90,243,959
Kansas,1968,2303000,2573.3,615.6,1752.2,205.5,150.4,85.8,3.7,13.2,47.5,59264,14178,40353,4733,3463,1977,86,305,1095
Kansas,1969,2321000,2971.2,693.3,2049.9,228.0,166.9,93.5,3.5,15.1,54.8,68961,16091,47579,5291,3873,2171,81,350,1271
Kansas,1970,2249071,3440.8,881.7,2302.5,256.6,202.8,108.5,4.8,14.5,75.1,77385,19829,51784,5772,4561,2440,107,325,1689
Kansas,1971,2258000,3280.7,888.6,2148.4,243.8,214.5,127.8,5.1,15.9,65.7,74079,20064,48511,5504,4843,2885,115,360,1483
Kansas,1972,2258000,3195.0,906.6,2056.4,232.0,209.8,119.1,4.0,17.8,68.9,72144,20472,46433,5239,4737,2689,91,401,1556
Kansas,1973,2279000,3296.3,1030.5,2055.3,210.5,217.5,115.3,6.0,18.0,78.1,75123,23485,46840,4798,4956,2627,137,411,1781
Kansas,1974,2270000,4024.1,1268.6,2516.9,238.6,276.3,141.9,6.9,19.7,107.8,91347,28797,57134,5416,6272,3221,157,447,2447
Kansas,1975,2267000,4468.8,1369.5,2862.8,236.4,278.2,162.8,5.4,17.2,92.8,101307,31047,64900,5360,6307,3691,122,391,2103
Kansas,1976,2310000,4495.8,1325.5,2938.1,232.3,282.6,170.4,4.5,21.9,85.8,103853,30618,67870,5365,6529,3936,104,506,1983
Kansas,1977,2326000,4254.0,1270.4,2739.3,244.3,309.8,180.5,6.6,22.0,100.7,98948,29549,63716,5683,7206,4199,153,511,2343
Kansas,1978,2348000,4225.9,1286.8,2691.4,247.7,318.2,193.8,5.7,25.0,93.7,99225,30215,63194,5816,7471,4551,133,586,2201
Kansas,1979,2369000,4542.2,1329.8,2938.9,273.5,353.6,219.4,5.5,26.4,102.3,107605,31504,69622,6479,8376,5197,130,626,2423
Kansas,1980,2354783,4989.5,1521.4,3196.4,271.7,389.3,237.8,6.9,31.5,113.1,117492,35826,75268,6398,9168,5599,163,742,2664
Kansas,1981,2381000,5034.9,1544.2,3235.6,255.1,369.4,222.6,6.3,30.8,109.7,119880,36768,77039,6073,8796,5301,151,733,2611
Kansas,1982,2408000,4616.1,1344.8,3048.8,222.5,335.9,218.4,5.7,24.8,87.0,111156,32382,73416,5358,8088,5259,138,596,2095
Kansas,1983,2425000,4203.2,1167.8,2834.4,201.0,326.6,211.0,5.6,25.9,84.0,101928,28318,68735,4875,7919,5117,137,627,2038
Kansas,1984,2438000,4005.2,1049.1,2749.3,206.8,334.2,231.5,3.7,27.4,71.6,97646,25577,67028,5041,8147,5644,89,669,1745
Kansas,1985,2450000,4019.3,1050.6,2752.4,216.4,355.8,242.7,4.9,29.3,78.7,98474,25740,67433,5301,8716,5947,121,719,1929
Kansas,1986,2461000,4453.8,1187.7,3008.1,258.0,368.8,251.9,4.4,32.9,79.6,109607,29229,74029,6349,9076,6200,108,810,1958
Kansas,1987,2476000,4543.1,1138.0,3152.0,253.2,360.7,241.6,4.4,32.6,82.1,112488,28177,78043,6268,8932,5982,110,808,2032
Kansas,1988,2487000,4514.7,1179.0,3093.2,242.5,365.2,244.6,3.4,31.3,85.9,112280,29321,76927,6032,9083,6083,85,779,2136
Kansas,1989,2513000,4582.0,1188.7,3096.0,297.4,400.8,259.1,5.5,36.5,99.8,115146,29871,77802,7473,10073,6510,138,917,2508
Kansas,1990,2477574,4745.4,1166.5,3243.5,335.4,447.7,285.7,4.0,40.4,117.6,117571,28901,80361,8309,11093,7079,98,1002,2914
Kansas,1991,2495000,5034.7,1306.7,3377.1,351.0,499.6,310.3,6.1,44.8,138.4,125616,32601,84258,8757,12465,7741,153,1118,3453
Kansas,1992,2523000,4809.1,1293.7,3191.7,323.8,510.8,333.7,6.0,41.3,129.9,121334,32639,80526,8169,12888,8418,151,1042,3277
Kansas,1993,2531000,4478.9,1132.2,3024.0,322.7,496.4,326.3,6.4,40.1,123.6,113360,28655,76538,8167,12564,8259,161,1016,3128
Kansas,1994,2554000,4404.0,1121.2,2954.5,328.2,443.0,279.9,6.7,41.3,115.1,112477,28635,75459,8383,11314,7149,170,1055,2940
Kansas,1995,2565000,4466.2,1068.4,3074.3,323.5,420.7,269.8,6.2,36.6,108.2,114558,27404,78855,8299,10792,6920,159,938,2775
Kansas,1996,2572000,4268.0,981.3,3038.3,248.4,413.8,268.3,6.6,42.6,96.3,109772,25239,78145,6388,10642,6900,170,1096,2476
Kansas,1997,2595000,4722.7,936.1,3538.5,248.1,429.7,280.8,5.8,45.4,97.7,122553,24292,91823,6438,11151,7287,150,1179,2535
Kansas,1998,2629000,4454.7,950.3,3245.7,258.7,417.3,280.9,6.6,42.9,87.0,117114,24984,85329,6801,10972,7384,173,1128,2287
Kansas,1999,2654052,4055.8,824.2,3003.8,227.9,382.8,259.5,6.0,40.1,77.1,107644,21874,79722,6048,10159,6887,160,1065,2047
Kansas,2000,2688418,4019.4,799.1,2978.6,241.6,389.4,269.0,6.3,38.0,76.2,108057,21484,80077,6496,10470,7231,169,1022,2048
Kansas,2001,2702125,3905.7,759.2,2851.0,295.5,403.7,275.7,3.4,35.0,89.7,105537,20514,77038,7985,10909,7449,92,945,2423
Kansas,2002,2711769,3716.0,725.7,2724.3,266.0,377.2,256.3,2.9,38.2,79.8,100768,19679,73877,7212,10229,6951,78,1035,2165
Kansas,2003,2724786,4010.4,806.4,2916.6,287.4,397.5,270.6,4.6,39.8,82.5,109276,21973,79471,7832,10831,7374,125,1085,2247
Kansas,2004,2733697,4015.5,737.0,2967.2,311.3,377.9,265.4,4.5,41.8,66.3,109771,20146,81115,8510,10330,7254,122,1142,1812
Kansas,2005,2748172,3806.0,692.4,2774.0,340.0,389.0,280.4,3.7,40.0,65.3,104588,19028,76222,9338,10701,7707,101,1098,1795
Kansas,2006,2764075,3772.0,726.7,2729.7,315.6,432.7,314.0,4.5,46.3,67.9,104260,20086,75450,8724,11960,8678,125,1279,1878
Kansas,2007,2775997,3709.0,737.1,2662.1,309.8,458.6,335.6,3.8,46.4,72.8,102961,20461,73900,8600,12730,9315,106,1287,2022
Kansas,2008,2802134,3386.1,701.3,2420.5,264.3,412.3,304.6,4.0,43.8,60.0,94882,19651,67826,7405,11554,8534,113,1226,1681
Kansas,2009,2818747,3225.9,690.8,2323.7,211.4,406.6,296.9,4.4,41.8,63.4,90930,19473,65499,5958,11460,8370,125,1179,1786
Kansas,2010,2859143,3116.6,675.6,2230.5,210.6,370.8,273.5,3.4,40.1,53.8,89109,19315,63774,6020,10602,7821,97,1146,1538
Kansas,2011,2870386,3088.6,651.9,2203.8,232.9,355.7,262.3,3.9,39.1,50.4,88655,18712,63259,6684,10209,7528,111,1122,1448
Kansas,2012,2885905,3143.2,650.3,2258.0,234.9,354.6,263.2,2.9,36.5,52.0,90710,18767,65165,6778,10232,7595,84,1053,1500
Kansas,2013,2893957,248.1,2946.8,600.4,2117.0,339.9,46.6,3.9,41.3,28.9,7181,85280,17375,61264,9838,1350,112,1195,835
Kansas,2014,2904021,250.0,2735.2,545.0,1952.4,348.6,46.9,3.1,48.6,37.0,7259,79431,15828,56697,10123,1362,91,1411,1075
Kansas,2015,2911641,267.6,2720.1,527.6,1953.5,389.9,62.4,4.4,55.5,43.0,7792,79199,15362,56880,11353,1818,128,1615,1251
Kansas,2016,2907289,2695.5,494.1,1962.9,238.6,380.4,274.0,3.8,45.1,57.5,78367,14364,57066,6937,11060,7966,111,1312,1671
Kansas,2017,2913123,2800.9,478.2,2053.3,269.3,413.0,290.3,5.5,55.9,61.3,81593,13931,59816,7846,12030,8458,160,1627,1785
Kansas,2018,2911505,2633.9,430.6,1933.9,269.4,439.0,328.3,3.9,53.8,53.0,76686,12537,56305,7844,12782,9559,113,1567,1543
Kansas,2019,2913314,2314.5,342.7,1721.9,249.9,410.8,314.2,3.6,48.6,44.4,67428,9984,50165,7279,11968,9154,105,1416,1293
Michigan,1960,7823194,2441.5,725.1,1536.9,179.5,217.7,105.0,4.5,14.5,93.7,191001,56724,120237,14040,17034,8216,353,1135,7330
Michigan,1961,7954000,2484.7,724.8,1583.7,176.3,207.4,108.6,4.1,13.7,81.0,197630,57647,125964,14019,16499,8640,326,1092,6441
Michigan,1962,7991000,2553.8,721.3,1633.1,199.4,226.6,112.5,3.4,14.2,96.5,204073,57641,130499,15933,18106,8988,275,1133,7710
Michigan,1963,8116000,2748.6,725.5,1797.2,225.8,227.7,105.7,3.5,15.0,103.4,223075,58884,145863,18328,18478,8582,283,1220,8393
Michigan,1964,8098000,2928.0,789.8,1875.9,262.3,261.2,124.9,3.5,19.8,113.1,237109,63956,151910,21243,21153,10111,284,1603,9155
Michigan,1965,8218000,3021.3,867.5,1830.3,323.6,297.6,137.0,4.6,24.0,132.1,248290,71289,150410,26591,24459,11258,378,1970,10853
Michigan,1966,8374000,3376.2,984.0,2038.7,353.5,332.1,143.8,5.0,28.2,155.1,282725,82403,170722,29600,27806,12041,415,2358,12992
Michigan,1967,8584000,3673.1,1160.6,2123.5,389.0,389.0,167.3,6.5,26.6,188.6,315295,99624,182277,33394,33390,14360,560,2282,16188
Michigan,1968,8740000,3743.9,1163.2,2150.5,430.2,426.7,178.2,7.7,31.3,209.6,327217,101664,187952,37601,37292,15576,669,2732,18315
Michigan,1969,8766000,4301.7,1315.5,2485.0,501.2,502.5,196.3,8.8,32.3,265.1,377085,115315,217834,43936,44048,17208,770,2832,23238
Michigan,1970,8875083,4931.8,1570.7,2897.1,464.0,575.7,192.7,9.4,27.1,346.6,437700,139398,257118,41184,51090,17099,831,2402,30758
Michigan,1971,8997000,5140.6,1686.7,2956.0,497.9,574.6,207.3,10.5,26.7,330.1,462500,151756,265951,44793,51697,18648,942,2404,29703
Michigan,1972,9082000,4808.3,1582.3,2752.0,473.9,555.2,225.6,11.0,29.3,289.3,436693,143709,249940,43044,50425,20493,999,2657,26276
Michigan,1973,9044000,4904.2,1584.6,2771.3,548.3,585.2,255.2,12.1,35.1,282.7,443538,143311,250638,49589,52921,23083,1096,3173,25569
Michigan,1974,9098000,5860.2,1903.9,3331.6,624.7,659.4,272.0,13.0,37.1,337.2,533160,173215,303110,56835,59993,24751,1186,3377,30679
Michigan,1975,9157000,6114.6,1891.8,3572.9,649.9,685.7,282.7,11.9,38.1,353.1,559915,173231,327174,59510,62792,25884,1086,3488,32334
Michigan,1976,9104000,5832.2,1668.5,3550.6,613.1,646.0,266.1,11.1,36.1,332.6,530965,151901,323243,55821,58814,24229,1014,3287,30284
Michigan,1977,9129000,5227.3,1522.7,3159.0,545.5,584.7,274.6,9.3,38.9,261.9,477196,139006,288387,49803,53381,25068,853,3555,23905
Michigan,1978,9189000,5016.9,1444.3,3046.7,525.9,577.2,307.7,10.6,39.6,219.3,461002,132716,279958,48328,53040,28279,972,3636,20153
Michigan,1979,9208000,5532.8,1507.5,3423.2,602.1,614.2,341.1,9.1,44.5,219.6,509457,138806,315211,55440,56558,31406,834,4100,20218
Michigan,1980,9228128,6036.4,1741.3,3710.2,584.9,639.5,338.6,10.2,46.6,244.0,557051,160688,342384,53979,59014,31251,940,4304,22519
Michigan,1981,9201000,6212.2,1862.1,3714.9,635.2,641.9,327.6,9.4,47.5,257.5,571582,171331,341805,58446,59058,30143,861,4366,23688
Michigan,1982,9109000,6128.0,1813.1,3623.1,691.7,656.6,329.7,9.1,46.6,271.1,558195,165155,330031,63009,59806,30034,827,4246,24699
Michigan,1983,9069000,5760.8,1691.9,3331.3,737.6,716.7,365.3,10.0,56.1,285.3,522450,153438,302118,66894,64993,33125,910,5085,25873
Michigan,1984,9075000,5795.9,1644.2,3285.9,865.9,760.1,378.9,9.7,64.8,306.7,525979,149209,298192,78578,68979,34388,879,5880,27832
Michigan,1985,9088000,5632.2,1527.2,3277.1,827.8,734.1,362.9,11.2,67.6,292.4,511852,138792,297827,75233,66714,32984,1018,6140,26572
Michigan,1986,9145000,5687.6,1509.5,3377.7,800.4,803.9,423.9,11.3,67.4,301.3,520127,138040,308894,73193,73517,38768,1032,6167,27550
Michigan,1987,9200000,5676.7,1452.2,3472.5,752.0,780.1,424.2,12.2,67.2,276.5,522254,133602,319470,69182,71772,39022,1124,6184,25442
Michigan,1988,9300000,5342.7,1314.6,3287.0,741.1,741.7,420.3,10.8,69.5,241.1,496867,122254,305693,68920,68980,39085,1009,6462,22424
Michigan,1989,9273000,5259.2,1224.8,3311.7,722.6,709.2,404.7,10.7,71.4,222.3,487682,113579,307096,67007,65760,37527,993,6624,20616
Michigan,1990,9295297,5204.4,1143.3,3347.4,713.7,790.4,468.4,10.4,77.6,234.0,483764,106275,311153,66336,73468,43536,971,7209,21752
Michigan,1991,9368000,5335.0,1186.2,3469.1,679.7,803.1,470.3,10.8,78.7,243.3,499781,111126,324985,63670,75232,44061,1009,7372,22790
Michigan,1992,9437000,4840.5,1041.2,3173.5,625.8,770.1,458.6,9.9,80.0,221.5,456800,98257,299486,59057,72672,43282,938,7550,20902
Michigan,1993,9478000,4661.0,982.7,3063.2,615.0,791.5,472.1,9.8,71.1,238.5,441767,93143,290333,58291,75021,44747,933,6740,22601
Michigan,1994,9496000,4679.1,967.2,3055.7,656.1,766.1,456.7,9.8,70.8,228.9,444325,91849,290172,62304,72751,43371,927,6720,21733
Michigan,1995,9549000,4495.0,909.7,2939.7,645.5,687.8,430.1,8.5,62.0,187.3,429223,86872,280712,61639,65680,41070,808,5917,17885
Michigan,1996,9594000,4482.2,895.4,2886.3,700.5,635.3,394.6,7.5,57.0,176.2,430020,85908,276909,67203,60951,37856,722,5466,16907
Michigan,1997,9774000,4326.9,825.9,2832.6,668.4,590.0,377.5,7.8,51.9,152.8,422916,80726,276863,65327,57663,36900,759,5070,14934
Michigan,1998,9817000,4062.1,837.8,2630.0,594.3,620.8,407.3,7.3,50.4,155.8,398773,82249,258186,58338,60947,39987,721,4946,15293
Michigan,1999,9863775,3750.0,778.0,2396.2,575.8,574.9,375.7,7.0,49.2,143.0,369887,76736,236351,56800,56709,37062,695,4849,14103
Michigan,2000,9938444,3554.9,702.2,2291.9,560.7,555.0,359.7,6.7,50.6,138.0,353297,69790,227783,55724,55159,35753,669,5025,13712
Michigan,2001,10006266,3521.3,719.9,2265.7,535.7,553.9,365.3,6.7,52.6,129.3,352353,72038,226708,53607,55424,36551,672,5264,12937
Michigan,2002,10043221,3336.2,706.6,2134.4,495.1,540.7,362.6,6.8,53.4,118.0,335060,70970,214367,49723,54306,36417,678,5364,11847
Michigan,2003,10082364,3278.6,677.6,2068.3,532.7,511.3,339.3,6.1,54.3,111.6,330565,68316,208538,53711,51550,34214,612,5470,11254
Michigan,2004,10104206,3066.1,635.7,1929.8,500.6,492.2,319.4,6.4,54.3,112.2,309805,64233,194988,50584,49737,32276,643,5482,11336
Michigan,2005,10100833,3098.0,698.2,1922.0,478.0,554.0,363.9,6.2,51.5,132.1,312892,70527,194090,48275,55936,36760,629,5199,13348
Michigan,2006,10095643,3225.1,755.9,1973.0,496.2,564.4,363.4,7.1,53.0,140.9,325594,76313,199183,50098,56981,36684,721,5347,14229
Michigan,2007,10071822,3063.5,747.4,1899.2,416.9,533.8,349.0,6.6,45.6,132.7,308550,75273,191289,41988,53765,35147,661,4592,13365
Michigan,2008,10003422,2950.0,747.6,1844.9,357.4,514.9,331.9,5.5,45.1,132.4,295100,74787,184558,35755,51512,33205,554,4507,13246
Michigan,2009,9969727,2848.8,762.8,1791.7,294.3,499.8,323.5,6.2,45.4,124.6,284019,76046,178628,29345,49825,32251,623,4524,12427
Michigan,2010,9877143,2748.8,752.7,1718.6,277.5,493.0,322.5,5.9,47.9,116.7,271501,74345,169748,27408,48693,31858,580,4733,11522
Michigan,2011,9876801,2544.6,706.3,1586.2,252.2,442.8,288.6,6.2,44.0,103.9,251329,69755,156666,24908,43731,28507,617,4344,10263
Michigan,2012,9883360,2530.5,664.4,1612.0,254.1,454.5,295.5,7.0,46.4,105.6,250101,65665,159321,25115,44922,29210,689,4589,10434
Michigan,2013,9895622,274.8,2327.6,569.4,1510.0,449.9,102.1,6.4,66.6,46.5,27194,230334,56344,149423,44523,10105,631,6593,4606
Michigan,2014,9909877,277.7,2043.9,445.9,1384.5,427.3,80.9,5.4,63.3,40.9,27519,202547,44184,137206,42348,8021,535,6273,4049
Michigan,2015,9922576,266.2,1885.6,403.5,1323.2,415.5,78.6,5.8,65.0,42.0,26414,187101,40041,131296,41231,7796,571,6450,4163
Michigan,2016,9928300,1909.9,398.5,1308.1,203.2,459.0,309.5,6.0,71.8,71.7,189620,39568,129876,20176,45572,30729,598,7125,7120
Michigan,2017,9962311,1800.0,357.8,1245.7,196.5,450.0,308.5,5.7,70.6,65.1,179318,35641,124104,19573,44826,30738,569,7031,6488
Michigan,2018,9995915,1653.5,316.6,1162.3,174.6,449.4,310.3,5.5,76.9,56.6,165280,31651,116178,17451,44918,31021,551,7690,5656
Michigan,2019,9986857,1585.0,286.1,1121.3,177.7,437.4,305.9,5.6,72.4,53.6,158296,28572,111980,17744,43686,30545,556,7235,5350
Minnesota,1960,3413864,1424.0,370.4,916.9,136.7,42.0,10.6,1.2,2.4,27.8,48614,12645,31303,4666,1435,362,42,81,950
Minnesota,1961,3470000,1408.2,381.1,892.5,134.6,43.4,12.3,1.0,2.7,27.4,48865,13225,30971,4669,1505,426,34,94,951
Minnesota,1962,3475000,1498.9,383.1,972.1,143.7,48.2,14.1,0.9,3.6,29.6,52088,13312,33781,4995,1674,489,33,124,1028
Minnesota,1963,3500000,1640.3,404.6,1087.9,147.8,56.7,19.0,1.2,2.6,33.9,57409,14160,38075,5174,1983,665,41,91,1186
Minnesota,1964,3521000,1925.5,534.9,1209.3,181.3,73.9,31.5,1.4,4.5,36.5,67797,18833,42580,6384,2601,1108,51,157,1285
Minnesota,1965,3554000,1924.9,530.5,1192.8,201.6,86.5,39.5,1.4,5.2,40.3,68411,18853,42393,7165,3074,1405,50,186,1433
Minnesota,1966,3576000,2130.9,579.2,1305.5,246.3,103.2,44.4,2.2,7.3,49.4,76202,20713,46683,8806,3691,1586,79,261,1765
Minnesota,1967,3582000,2461.2,704.4,1464.4,292.4,132.0,54.7,1.6,8.6,67.1,88160,25233,52454,10473,4727,1958,58,309,2402
Minnesota,1968,3646000,2823.1,801.8,1670.2,351.1,140.2,45.9,2.2,10.9,81.2,102930,29232,60897,12801,5111,1673,81,398,2959
Minnesota,1969,3700000,2934.7,779.4,1771.0,384.3,142.0,47.1,1.9,11.5,81.5,108583,28836,65527,14220,5253,1744,69,424,3016
Minnesota,1970,3805069,3048.9,801.7,1901.5,345.7,152.0,51.2,2.0,9.7,89.1,116014,30507,72354,13153,5782,1949,75,369,3389
Minnesota,1971,3881000,3382.5,881.7,2157.7,343.1,154.4,62.9,2.4,12.1,77.0,131274,34219,83741,13314,5993,2443,95,468,2987
Minnesota,1972,3896000,3179.6,927.2,1915.1,337.3,174.5,72.9,2.4,14.7,84.4,123876,36124,74612,13140,6798,2842,95,571,3290
Minnesota,1973,3897000,3357.8,1016.4,2004.7,336.7,177.7,71.5,2.7,14.9,88.7,130855,39610,78122,13123,6926,2785,107,579,3455
Minnesota,1974,3917000,3723.7,1121.8,2228.2,373.7,207.3,82.5,3.0,17.7,104.1,145857,43939,87280,14638,8119,3230,118,692,4079
Minnesota,1975,3926000,4091.7,1193.1,2516.1,382.5,207.0,81.4,3.3,18.6,103.6,160641,46842,98784,15015,8125,3197,129,730,4069
Minnesota,1976,3965000,4142.1,1122.1,2672.8,347.1,189.0,87.9,2.3,18.3,80.4,164235,44493,105978,13764,7492,3485,92,726,3189
Minnesota,1977,3975000,4037.0,1134.7,2559.3,343.1,193.8,85.8,2.7,19.5,85.9,160471,45103,101731,13637,7705,3412,106,774,3413
Minnesota,1978,4008000,3954.5,1093.7,2536.1,324.7,189.6,82.6,2.0,19.9,85.1,158495,43837,101646,13012,7601,3312,81,797,3411
Minnesota,1979,4060000,4171.8,1112.9,2729.7,329.2,221.0,104.8,2.3,21.5,92.5,169376,45183,110827,13366,8973,4255,93,871,3754
Minnesota,1980,4061235,4571.7,1246.0,3029.9,295.9,227.8,102.9,2.6,23.2,99.1,185668,50602,123050,12016,9250,4177,106,942,4025
Minnesota,1981,4090000,4508.2,1277.6,2978.8,251.8,228.5,96.3,2.1,25.8,104.3,184387,52253,121834,10300,9344,3937,85,1056,4266
Minnesota,1982,4133000,4235.4,1182.1,2815.8,237.6,219.3,92.9,2.3,22.7,101.3,175048,48855,116375,9818,9062,3841,95,938,4188
Minnesota,1983,4144000,3843.3,1075.6,2558.7,209.0,190.9,87.2,1.7,22.4,79.6,159268,44571,106034,8663,7909,3615,69,927,3298
Minnesota,1984,4162000,3630.0,990.9,2432.5,206.6,211.5,113.3,1.8,25.3,71.1,151082,41242,101240,8600,8802,4717,74,1051,2960
Minnesota,1985,4193000,3877.8,1017.5,2598.5,261.9,256.4,138.9,2.1,29.6,85.8,162597,42663,108954,10980,10751,5823,88,1242,3598
Minnesota,1986,4214000,4077.6,1004.2,2785.3,288.1,284.6,148.3,2.5,31.8,102.0,171832,42319,117371,12142,11991,6249,105,1338,4299
Minnesota,1987,4246000,4330.4,1068.9,2960.1,301.4,285.4,146.3,2.6,33.9,102.5,183868,45384,125686,12798,12118,6213,112,1439,4354
Minnesota,1988,4306000,4024.7,909.6,2775.8,339.3,290.1,161.4,2.9,31.0,94.7,173302,39167,119526,14609,12490,6950,124,1337,4079
Minnesota,1989,4353000,4094.9,896.9,2818.1,379.9,288.3,159.6,2.5,31.3,94.8,178252,39042,122673,16537,12549,6947,111,1363,4128
Minnesota,1990,4375099,4232.7,907.2,2959.9,365.6,306.1,176.7,2.7,34.0,92.7,185185,39691,129500,15994,13392,7731,117,1487,4057
Minnesota,1991,4432000,4180.2,853.6,2963.2,363.4,316.0,175.3,3.0,39.8,98.0,185268,37832,131330,16106,14006,7768,131,1762,4345
Minnesota,1992,4480000,4252.7,889.7,3007.8,355.2,338.0,184.1,3.3,41.1,109.5,190520,39859,134750,15911,15144,8248,150,1840,4906
Minnesota,1993,4517000,4059.0,844.5,2872.0,342.6,353.9,175.8,3.4,61.9,112.7,183347,38147,129727,15473,15986,7943,155,2796,5092
Minnesota,1994,4567000,3982.0,791.7,2875.9,314.3,359.0,178.6,3.2,59.7,117.6,181856,36157,131344,14355,16397,8155,147,2725,5370
Minnesota,1995,4610000,4141.2,797.3,3002.5,341.5,356.1,172.2,3.9,56.2,123.7,190911,36756,138414,15741,16416,7939,182,2593,5702
Minnesota,1996,4658000,4124.3,762.5,2977.1,384.8,338.8,169.7,3.6,50.0,115.6,192109,35515,138671,17923,15782,7903,167,2327,5385
Minnesota,1997,4686000,4076.1,752.6,2942.2,381.3,337.8,168.1,2.8,52.2,114.7,191006,35265,137872,17869,15827,7879,129,2446,5373
Minnesota,1998,4725000,3736.3,687.5,2723.6,325.2,310.2,165.2,2.6,49.9,92.5,176541,32486,128689,15366,14656,7806,121,2358,4371
Minnesota,1999,4775508,3323.6,580.2,2465.4,278.0,274.0,146.5,2.8,42.7,82.0,158717,27706,117736,13275,13085,6996,134,2038,3917
Minnesota,2000,4919479,3207.6,530.9,2403.7,273.0,280.8,156.7,3.1,45.5,75.5,157798,26116,118250,13432,13813,7709,151,2240,3713
Minnesota,2001,4984535,3311.2,511.5,2498.1,301.6,263.7,141.1,2.4,44.9,75.4,165046,25496,124519,15031,13145,7032,119,2236,3758
Minnesota,2002,5024791,3264.3,557.9,2430.9,275.5,267.2,141.4,2.2,45.2,78.4,164026,28034,122150,13842,13428,7106,112,2273,3937
Minnesota,2003,5064172,3113.3,546.9,2294.9,271.5,262.9,142.0,2.5,41.3,77.1,157663,27698,116216,13749,13316,7191,127,2092,3906
Minnesota,2004,5096546,3041.6,550.3,2226.1,265.2,269.8,146.1,2.2,41.7,79.9,155019,28048,113453,13518,13751,7445,113,2123,4070
Minnesota,2005,5126739,3088.0,579.6,2230.0,279.0,297.0,158.9,2.2,44.0,92.1,158301,29716,114304,14281,15243,8146,115,2258,4724
Minnesota,2006,5167101,3082.5,586.5,2239.0,257.0,310.5,170.9,2.4,31.8,105.3,159276,30306,115693,13277,16042,8830,126,1645,5441
Minnesota,2007,5197621,3044.8,571.7,2229.7,243.3,289.6,159.6,2.2,36.0,91.8,158257,29717,115892,12648,15054,8295,116,1873,4770
Minnesota,2008,5220393,2864.1,508.7,2160.1,195.3,265.4,148.6,2.1,34.6,80.1,149517,26558,112764,10195,13853,7759,110,1805,4179
Minnesota,2009,5266214,2644.9,485.7,1996.9,162.3,244.5,140.4,1.4,34.0,68.7,139286,25580,105160,8546,12874,7392,74,1789,3619
Minnesota,2010,5310658,2569.0,459.7,1947.6,161.7,235.7,136.2,1.8,33.9,63.8,136431,24415,103429,8587,12515,7233,96,1798,3388
Minnesota,2011,5347299,2546.8,480.3,1914.1,152.4,230.5,126.2,1.4,39.5,63.3,136183,25681,102354,8148,12323,6750,75,2113,3385
Minnesota,2012,5379139,2568.3,471.8,1939.3,157.2,230.9,134.0,1.8,30.5,64.6,138152,25378,104316,8458,12419,7207,99,1638,3475
Minnesota,2013,5420380,127.5,2420.4,419.0,1854.4,234.4,67.8,2.1,37.0,25.9,6909,131195,22713,100516,12705,3674,114,2008,1403
Minnesota,2014,5457173,123.3,2297.5,380.7,1763.5,229.1,67.6,1.6,36.7,26.6,6729,125377,20773,96237,12505,3687,88,2001,1452
Minnesota,2015,5489594,129.2,2222.1,351.6,1725.2,242.6,68.7,2.4,42.3,30.7,7094,121984,19299,94704,13319,3771,133,2321,1686
Minnesota,2016,5519952,2133.3,337.1,1638.1,158.1,242.6,130.7,1.8,42.5,67.5,117756,18606,90422,8728,13394,7217,101,2348,3728
Minnesota,2017,5576606,2191.5,336.9,1675.7,178.9,238.3,128.6,2.0,42.8,64.9,122212,18787,93446,9979,13291,7172,113,2385,3621
Minnesota,2018,5611179,1993.8,288.4,1524.8,180.5,220.4,122.2,1.9,43.9,52.5,111874,16185,85561,10128,12369,6857,106,2462,2944
Minnesota,2019,5639632,2078.8,282.4,1597.5,198.9,236.4,135.1,2.1,43.4,55.8,117236,15927,90092,11217,13332,7618,117,2448,3149
Missouri,1960,4319813,1799.7,595.2,1019.7,184.8,172.9,63.4,4.4,14.5,90.6,77743,25712,44049,7982,7468,2739,189,627,3913
Missouri,1961,4378000,1885.9,611.7,1106.2,167.9,166.0,64.6,5.1,13.2,83.1,82563,26782,48430,7351,7266,2828,223,578,3637
Missouri,1962,4346000,2123.7,603.7,1317.9,202.1,185.4,87.3,5.5,12.6,79.9,92297,26238,57277,8782,8059,3796,241,548,3474
Missouri,1963,4328000,2366.3,661.8,1464.2,240.3,199.4,93.0,5.2,13.7,87.5,102415,28644,63370,10401,8629,4026,223,592,3788
Missouri,1964,4409000,2686.7,749.6,1677.5,259.5,216.7,106.5,5.4,15.0,89.7,118456,33051,73963,11442,9553,4697,240,661,3955
Missouri,1965,4497000,2676.8,763.0,1651.7,262.1,235.4,117.4,6.7,18.1,93.3,120376,34311,74279,11786,10588,5281,300,812,4195
Missouri,1966,4508000,2673.0,782.2,1606.3,284.6,247.3,118.5,5.4,17.6,105.8,120499,35260,72411,12828,11149,5342,245,793,4769
Missouri,1967,4603000,2846.8,861.1,1630.7,355.0,276.9,122.1,7.3,17.1,130.5,131039,39635,75063,16341,12746,5619,337,785,6005
Missouri,1968,4627000,3255.3,976.6,1832.3,446.4,328.9,143.2,8.8,23.3,153.6,150623,45188,84779,20656,15216,6624,408,1076,7108
Missouri,1969,4651000,3786.6,1118.8,2089.2,578.5,392.6,172.5,10.4,27.3,182.4,176113,52037,97171,26905,18260,8022,485,1270,8483
Missouri,1970,4677399,3748.8,1137.0,2073.9,537.8,405.9,167.0,10.7,27.4,200.8,175344,53184,97004,25156,18986,7811,499,1283,9393
Missouri,1971,4749000,3659.0,1167.1,1989.7,502.2,386.5,171.7,8.9,26.2,179.7,173767,55427,94492,23848,18357,8155,424,1245,8533
Missouri,1972,4753000,3549.8,1100.6,1978.8,470.5,383.4,174.0,8.3,25.5,175.6,168724,52312,94051,22361,18223,8268,396,1212,8347
Missouri,1973,4757000,3732.8,1234.8,2052.6,445.4,408.7,178.1,9.0,28.2,193.4,177567,58740,97640,21187,19441,8471,427,1342,9201
Missouri,1974,4777000,4335.6,1471.3,2437.3,427.1,452.4,199.0,9.8,26.9,216.7,207114,70283,116428,20403,21612,9508,466,1285,10353
Missouri,1975,4763000,4904.0,1512.6,2924.7,466.7,493.8,213.3,10.6,25.2,244.7,233577,72047,139303,22227,23521,10159,505,1200,11657
Missouri,1976,4778000,4584.7,1403.2,2794.9,386.6,449.4,208.9,9.3,27.1,204.1,219057,67044,133542,18471,21470,9981,443,1296,9750
Missouri,1977,4801000,4120.8,1318.3,2424.2,378.4,460.4,233.5,9.6,28.3,189.0,197841,63290,116386,18165,22105,11208,462,1359,9076
Missouri,1978,4860000,4059.5,1345.2,2345.5,368.8,467.9,245.5,10.4,28.0,184.0,197293,65375,113992,17926,22738,11930,505,1360,8943
Missouri,1979,4868000,4412.7,1446.7,2555.4,410.6,527.2,271.4,11.2,33.6,210.9,214809,70423,124398,19988,25662,13214,543,1638,10267
Missouri,1980,4901288,4878.6,1668.9,2795.1,414.6,554.5,287.2,11.1,32.6,223.6,239115,81798,136998,20319,27177,14075,544,1600,10958
Missouri,1981,4938000,4811.2,1583.1,2846.6,381.4,540.2,284.8,10.4,29.7,215.2,237575,78173,140567,18835,26675,14065,516,1465,10629
Missouri,1982,4951000,4441.3,1391.3,2714.3,335.8,506.5,278.0,9.7,25.9,193.0,219888,68881,134383,16624,25078,13762,479,1283,9554
Missouri,1983,4970000,4052.7,1217.2,2517.9,317.5,477.2,274.4,8.1,26.8,167.9,201418,60496,125140,15782,23718,13639,403,1330,8346
Missouri,1984,5008000,3836.3,1115.5,2391.2,329.7,460.7,286.2,7.1,26.5,140.8,192123,55863,119749,16511,23071,14335,358,1325,7053
Missouri,1985,5029000,3862.5,1098.7,2399.1,364.8,503.5,318.5,8.1,29.2,147.6,194247,55252,120650,18345,25321,16019,409,1468,7425
Missouri,1986,5066000,4075.5,1136.1,2500.5,438.9,578.6,370.0,9.2,29.2,170.2,206463,57556,126674,22233,29310,18742,464,1480,8624
Missouri,1987,5103000,4162.8,1111.3,2625.2,426.3,544.6,343.3,8.3,28.9,164.1,212430,56711,133964,21755,27792,17520,423,1473,8376
Missouri,1988,5139000,4292.2,1140.4,2717.4,434.4,552.5,347.1,8.0,29.3,168.1,220578,58605,139648,22325,28393,17837,413,1505,8638
Missouri,1989,5159000,4494.6,1135.8,2835.2,523.6,632.6,398.9,7.9,30.8,195.0,231874,58594,146269,27011,32634,20578,409,1587,10060
Missouri,1990,5117073,4405.3,1065.8,2800.2,539.4,715.3,457.6,8.8,32.5,216.4,225422,54536,143287,27599,36602,23417,449,1663,11073
Missouri,1991,5158000,4652.6,1253.3,2840.9,558.5,763.0,467.4,10.5,34.0,251.1,239982,64643,146533,28806,39358,24107,543,1756,12952
Missouri,1992,5193000,4356.7,1100.1,2759.3,497.4,740.4,466.5,10.5,36.5,226.9,226246,57127,143288,25831,38448,24223,547,1895,11783
Missouri,1993,5234000,4351.0,1025.5,2777.8,547.7,744.4,455.2,11.3,36.2,241.8,227731,53673,145392,28666,38963,23825,590,1894,12654
Missouri,1994,5278000,4564.2,1053.0,2998.9,512.3,743.5,465.2,10.5,37.0,230.7,240898,55577,158283,27038,39240,24553,554,1955,12178
Missouri,1995,5324000,4456.8,932.6,3050.9,473.3,663.8,418.8,8.8,32.1,204.0,237278,49649,162430,25199,35339,22296,469,1711,10863
Missouri,1996,5359000,4493.0,894.2,3151.1,447.7,590.9,383.1,8.1,29.2,170.6,240781,47919,168870,23992,31669,20528,433,1566,9142
Missouri,1997,5402000,4237.1,868.2,2878.0,490.9,577.4,385.2,7.9,28.2,156.1,228889,46900,155472,26517,31192,20811,426,1525,8430
Missouri,1998,5439000,4270.7,872.5,2948.4,449.8,555.7,372.2,7.3,26.9,149.2,232284,47455,160363,24466,30222,20244,399,1463,8116
Missouri,1999,5468338,4078.2,776.8,2881.1,420.3,500.2,336.6,6.6,26.3,130.7,223010,42476,157550,22984,27353,18406,359,1439,7149
Missouri,2000,5595211,4037.7,745.0,2851.3,441.4,490.0,323.9,6.2,24.1,135.8,225919,41685,159539,24695,27419,18123,347,1351,7598
Missouri,2001,5637309,4229.2,762.4,2969.9,496.9,540.5,371.6,6.6,24.5,137.8,238411,42977,167420,28014,30472,20946,372,1383,7771
Missouri,2002,5669544,4065.9,753.5,2820.7,491.7,539.0,383.4,5.8,25.8,123.9,230520,42721,159921,27878,30557,21737,331,1465,7024
Missouri,2003,5719204,4083.9,734.3,2825.8,523.7,490.8,344.3,5.1,24.5,116.9,233564,41997,161616,29951,28067,19692,289,1400,6686
Missouri,2004,5759532,3900.1,702.7,2747.9,449.6,490.1,343.1,6.1,25.7,115.1,224629,40472,158264,25893,28226,19763,354,1479,6630
Missouri,2005,5797703,3929.0,738.6,2747.0,443.0,526.0,366.6,6.9,28.0,124.1,227809,42822,159288,25699,30477,21254,402,1625,7196
Missouri,2006,5842713,3834.0,765.6,2633.6,434.7,545.9,379.4,6.3,30.2,130.0,224007,44734,153874,25399,31897,22167,369,1764,7597
Missouri,2007,5878415,3829.5,763.8,2659.2,406.5,560.7,392.7,6.2,30.4,131.5,225113,44897,156319,23897,32962,23082,367,1785,7728
Missouri,2008,5911605,3662.7,774.1,2537.4,351.1,502.4,342.3,7.7,27.3,125.1,216522,45763,150002,20757,29701,20238,456,1612,7395
Missouri,2009,5987580,3370.0,728.0,2350.9,291.1,492.9,335.4,6.5,26.8,124.2,201783,43591,140764,17428,29513,20083,387,1606,7437
Missouri,2010,5995715,3350.0,737.1,2343.8,269.1,457.7,323.4,7.0,24.1,103.2,200858,44197,140526,16135,27440,19390,420,1445,6185
Missouri,2011,6008984,3313.1,746.8,2311.2,255.1,447.5,312.5,6.1,24.4,104.4,199085,44875,138879,15331,26888,18778,366,1469,6275
Missouri,2012,6021988,3314.4,705.2,2338.4,270.8,450.9,323.4,6.5,25.1,96.0,199590,42466,140816,16308,27155,19473,389,1511,5782
Missouri,2013,6044171,298.7,3137.0,643.0,2223.9,433.4,90.7,6.1,37.8,26.5,18055,189606,38865,134416,26197,5484,371,2287,1599
Missouri,2014,6063589,304.8,2906.5,581.5,2055.3,442.9,92.2,6.6,39.2,28.1,18482,176237,35258,124622,26856,5592,403,2379,1706
Missouri,2015,6083672,342.4,2854.2,559.0,2015.8,497.4,104.8,8.3,42.0,30.5,20830,173642,34006,122637,30261,6376,502,2553,1854
Missouri,2016,6093000,2799.1,520.4,1978.4,300.3,519.4,360.8,8.8,41.9,107.8,170549,31710,120544,18295,31644,21983,537,2554,6570
Missouri,2017,6113532,2833.9,492.0,2016.0,325.9,530.3,372.0,9.8,44.6,103.9,173253,30081,123251,19921,32420,22740,600,2729,6351
Missouri,2018,6126452,2647.1,444.9,1878.8,323.4,502.1,359.8,9.9,47.5,84.8,162173,27257,115101,19815,30758,22042,607,2912,5197
Missouri,2019,6137428,2638.7,430.4,1865.0,343.3,495.0,357.4,9.3,47.5,80.8,161946,26414,114460,21072,30380,21936,568,2917,4959
Nebraska,1960,1411330,1177.8,231.5,820.9,125.4,41.8,17.4,2.3,4.2,17.9,16623,3267,11586,1770,590,245,33,59,253
Nebraska,1961,1431000,1240.8,260.7,864.6,115.6,41.0,18.9,2.4,3.3,16.4,17756,3730,12372,1654,586,271,34,47,234
Nebraska,1962,1484000,1249.1,262.4,865.6,121.0,42.9,16.6,1.5,6.3,18.5,18536,3894,12846,1796,637,246,23,93,275
Nebraska,1963,1460000,1390.5,293.8,971.3,125.4,40.5,16.0,2.0,7.0,15.5,20302,4290,14181,1831,591,233,29,102,227
Nebraska,1964,1480000,1549.3,326.5,1074.0,148.8,52.4,23.7,2.3,5.7,20.7,22929,4832,15895,2202,776,351,34,85,306
Nebraska,1965,1477000,1774.1,384.8,1226.5,162.8,57.7,28.2,2.4,5.1,21.9,26203,5684,18115,2404,852,416,36,76,324
Nebraska,1966,1456000,1861.0,420.1,1267.0,173.8,64.6,31.3,1.8,6.7,24.9,27096,6117,18448,2531,941,456,26,97,362
Nebraska,1967,1435000,1979.6,491.7,1299.7,188.2,113.2,63.6,2.7,8.2,38.7,28407,7056,18651,2700,1624,912,39,117,556
Nebraska,1968,1437000,2261.7,507.4,1451.8,302.4,146.3,87.3,2.3,7.2,49.6,32500,7292,20862,4346,2103,1254,33,103,713
Nebraska,1969,1449000,2292.4,482.3,1525.6,284.5,158.9,97.8,2.5,6.8,51.8,33217,6989,22106,4122,2302,1417,36,98,751
Nebraska,1970,1483791,2368.9,504.5,1572.5,291.9,184.1,114.5,3.0,9.3,57.3,35149,7486,23332,4331,2731,1699,44,138,850
Nebraska,1971,1512000,2383.1,551.4,1577.1,254.6,155.8,103.2,2.6,14.0,36.0,36033,8337,23846,3850,2355,1560,39,212,544
Nebraska,1972,1525000,2455.5,556.7,1637.2,261.6,173.0,103.5,2.9,13.9,52.7,37446,8489,24968,3989,2638,1579,44,212,803
Nebraska,1973,1542000,2625.8,637.4,1685.7,302.7,185.4,102.1,4.3,16.5,62.5,40490,9828,25994,4668,2859,1574,67,254,964
Nebraska,1974,1543000,3104.7,773.8,2053.5,277.5,239.6,126.2,3.6,18.9,91.0,47906,11939,31685,4282,3697,1947,55,291,1404
Nebraska,1975,1546000,3356.2,760.2,2365.0,231.0,257.8,143.9,4.3,19.2,90.4,51887,11752,36563,3572,3986,2225,66,297,1398
Nebraska,1976,1553000,3351.4,684.2,2433.7,233.5,210.5,124.1,2.9,20.5,63.0,52048,10626,37795,3627,3269,1927,45,318,979
Nebraska,1977,1561000,3325.2,760.0,2316.1,249.1,199.4,112.7,3.9,18.1,64.7,51906,11864,36154,3888,3113,1760,61,282,1010
Nebraska,1978,1565000,3250.7,746.8,2287.2,216.8,190.5,104.4,3.0,18.3,64.9,50874,11687,35794,3393,2982,1634,47,286,1015
Nebraska,1979,1574000,3767.2,813.5,2680.7,272.9,225.9,126.8,4.1,21.5,73.5,59295,12804,42195,4296,3556,1996,65,338,1157
Nebraska,1980,1563921,4080.6,915.4,2921.6,243.6,224.6,114.7,4.4,23.2,82.2,63818,14316,45692,3810,3512,1794,69,363,1286
Nebraska,1981,1576000,3996.0,912.6,2875.9,207.5,181.5,87.2,3.1,20.5,70.7,62977,14383,45324,3270,2861,1374,49,323,1115
Nebraska,1982,1586000,3721.2,811.3,2732.1,177.9,229.6,145.0,2.0,20.7,61.9,59019,12867,43331,2821,3641,2299,31,329,982
Nebraska,1983,1597000,3569.9,777.0,2631.6,161.4,217.7,144.0,2.6,21.2,49.8,57012,12408,42026,2578,3477,2300,42,339,796
Nebraska,1984,1606000,3270.6,643.8,2482.9,144.0,225.8,155.6,3.4,23.7,43.2,52526,10339,39875,2312,3627,2499,54,381,693
Nebraska,1985,1606000,3456.7,730.4,2570.2,156.0,237.9,163.1,2.9,23.4,48.5,55514,11730,41278,2506,3821,2619,47,376,779
Nebraska,1986,1598000,3593.1,748.2,2677.3,167.6,262.6,183.7,3.1,24.6,51.1,57418,11956,42784,2678,4196,2936,50,393,817
Nebraska,1987,1594000,3880.4,847.9,2866.5,165.9,251.2,179.0,3.5,21.6,47.1,61853,13516,45692,2645,4004,2853,55,345,751
Nebraska,1988,1601000,3866.8,765.2,2912.8,188.8,273.2,189.4,3.6,24.0,56.1,61908,12251,46634,3023,4374,3033,58,385,898
Nebraska,1989,1611000,3812.1,745.5,2880.4,186.2,279.5,201.4,2.5,23.6,52.0,61413,12010,46403,3000,4503,3245,40,381,837
Nebraska,1990,1578385,3883.1,723.8,2981.1,178.2,330.0,246.2,2.7,30.0,51.1,61290,11424,47054,2812,5209,3886,43,473,807
Nebraska,1991,1593000,4019.5,726.6,3080.4,212.6,334.6,249.2,3.3,28.1,54.0,64031,11574,49071,3386,5330,3970,52,447,861
Nebraska,1992,1606000,3975.5,714.6,3060.0,200.8,348.6,256.2,4.2,31.4,56.7,63846,11477,49144,3225,5598,4115,68,504,911
Nebraska,1993,1607000,3903.2,663.5,2912.9,326.8,377.8,283.6,3.9,27.8,62.4,62725,10662,46811,5252,6071,4558,63,447,1003
Nebraska,1994,1623000,4050.9,675.5,2991.2,384.2,389.5,280.2,3.1,30.8,75.4,65746,10963,48547,6236,6322,4548,51,500,1223
Nebraska,1995,1637000,4162.5,631.9,3179.2,351.4,382.0,294.5,2.9,19.4,65.2,68140,10344,52044,5752,6253,4821,48,317,1067
Nebraska,1996,1652000,4001.8,614.5,3045.7,342.0,434.7,341.1,2.9,27.1,63.7,66110,10152,50315,5643,7182,5635,48,447,1052
Nebraska,1997,1657000,3845.3,592.2,2918.7,334.4,438.4,344.7,3.0,24.5,66.2,63717,9813,48363,5541,7265,5712,50,406,1097
Nebraska,1998,1663000,3953.8,634.0,2971.7,348.0,451.4,345.7,3.1,25.1,77.6,65752,10544,49420,5788,7507,5749,51,417,1290
Nebraska,1999,1666028,3678.0,609.7,2741.8,326.5,430.2,325.9,3.6,24.8,75.9,61277,10158,45679,5440,7167,5429,60,414,1264
Nebraska,2000,1711263,3767.9,592.0,2870.3,305.6,327.6,231.4,3.7,25.5,67.0,64479,10131,49118,5230,5606,3960,63,436,1147
Nebraska,2001,1720039,4009.4,567.4,3064.6,377.3,303.1,210.0,2.5,25.1,65.6,68963,9760,52713,6490,5214,3612,43,431,1128
Nebraska,2002,1727564,3946.5,597.9,2977.6,371.0,314.2,205.9,2.8,26.9,78.7,68178,10329,51440,6409,5428,3557,48,464,1359
Nebraska,2003,1737475,3751.9,583.2,2815.8,352.9,293.8,194.5,3.2,29.0,67.1,65189,10133,48924,6132,5105,3380,56,504,1165
Nebraska,2004,1747704,3519.6,562.2,2654.9,302.5,308.6,205.7,2.3,35.5,65.1,61512,9826,46399,5287,5393,3595,40,620,1138
Nebraska,2005,1758163,3432.0,535.1,2580.0,317.0,287.0,192.6,2.5,33.0,59.2,60348,9408,45359,5581,5052,3387,44,581,1040
Nebraska,2006,1768331,3359.7,539.2,2528.4,292.1,293.9,194.1,2.9,32.6,64.2,59411,9535,44710,5166,5197,3433,51,577,1136
Nebraska,2007,1774571,3142.4,509.1,2337.7,295.6,311.3,213.5,4.0,31.0,62.8,55765,9035,41484,5246,5524,3788,71,550,1115
Nebraska,2008,1783432,2879.3,489.6,2152.8,236.9,312.3,202.0,3.9,33.7,72.7,51350,8731,38394,4225,5570,3603,69,601,1297
Nebraska,2009,1796619,2768.0,485.7,2087.0,195.3,289.4,184.8,2.3,34.3,67.9,49731,8726,37496,3509,5199,3321,41,617,1220
Nebraska,2010,1830141,2667.9,454.5,2016.0,197.4,278.3,182.8,3.0,36.8,55.7,48827,8318,36896,3613,5093,3345,54,674,1020
Nebraska,2011,1842234,2762.6,473.6,2066.0,223.0,253.6,158.1,3.7,37.9,53.9,50894,8725,38060,4109,4672,2912,68,699,993
Nebraska,2012,1855525,2754.9,470.8,2060.7,223.5,259.4,157.4,2.9,38.3,60.9,51118,8735,38236,4147,4814,2920,53,711,1130
Nebraska,2013,1868516,160.5,2623.4,476.3,1908.2,262.1,55.7,3.1,42.9,33.0,2999,49018,8900,35655,4897,1040,57,801,616
Nebraska,2014,1881503,176.2,2523.5,422.5,1864.1,280.4,55.4,2.9,45.8,33.0,3316,47479,7950,35074,5275,1043,54,862,620
Nebraska,2015,1896190,173.1,2241.1,338.7,1691.4,274.9,52.4,3.3,46.0,34.4,3283,42495,6422,32072,5212,994,62,873,652
Nebraska,2016,1907116,2263.3,337.9,1677.6,247.8,291.0,186.7,2.6,52.1,49.6,43163,6444,31994,4725,5550,3561,49,994,946
Nebraska,2017,1920076,2274.0,337.1,1666.0,271.0,305.9,191.2,2.2,62.0,50.4,43663,6472,31988,5203,5873,3671,43,1191,968
Nebraska,2018,1929268,2079.9,271.9,1555.3,252.6,284.8,179.4,2.3,63.9,39.2,40126,5246,30006,4874,5494,3461,44,1233,756
Nebraska,2019,1934408,2039.3,245.3,1536.3,257.7,300.9,192.9,2.3,64.8,40.9,39449,4745,29719,4985,5821,3731,45,1253,792
North Dakota,1960,632446,876.8,198.0,610.8,68.0,14.2,5.2,0.5,2.2,6.3,5545,1252,3863,430,90,33,3,14,40
North Dakota,1961,640000,868.3,200.9,597.2,70.2,25.0,8.3,0.9,5.2,10.6,5557,1286,3822,449,160,53,6,33,68
North Dakota,1962,642000,934.4,189.6,661.4,83.5,19.9,8.3,1.2,4.2,6.2,5999,1217,4246,536,128,53,8,27,40
North Dakota,1963,634000,1010.7,190.4,724.0,96.4,28.7,13.6,2.1,3.5,9.6,6408,1207,4590,611,182,86,13,22,61
North Dakota,1964,645000,1056.9,239.7,726.7,90.5,35.5,18.9,0.9,7.0,8.7,6817,1546,4687,584,229,122,6,45,56
North Dakota,1965,652000,1032.1,206.7,748.5,76.8,34.2,23.6,0.9,5.1,4.6,6729,1348,4880,501,223,154,6,33,30
North Dakota,1966,650000,1171.5,221.4,862.9,87.2,35.5,23.2,1.8,4.3,6.2,7615,1439,5609,567,231,151,12,28,40
North Dakota,1967,639000,1370.4,241.2,1046.9,82.3,29.0,18.3,0.2,4.7,5.8,8757,1541,6690,526,185,117,1,30,37
North Dakota,1968,625000,1377.4,239.0,1057.8,80.6,27.7,16.2,1.1,4.6,5.8,8609,1494,6611,504,173,101,7,29,36
North Dakota,1969,615000,1450.1,249.3,1105.7,95.1,35.8,24.4,0.2,4.1,7.2,8918,1533,6800,585,220,150,1,25,44
North Dakota,1970,617761,1672.3,286.4,1295.0,91.0,34.2,21.0,0.5,6.2,6.5,10331,1769,8000,562,211,130,3,38,40
North Dakota,1971,625000,2012.3,339.8,1585.8,86.7,38.1,25.1,1.3,4.2,7.5,12577,2124,9911,542,238,157,8,26,47
North Dakota,1972,632000,1941.9,357.1,1494.1,90.7,45.9,30.9,1.3,4.9,8.9,12273,2257,9443,573,290,195,8,31,56
North Dakota,1973,640000,2017.7,383.4,1502.8,131.4,60.8,45.3,0.8,7.3,7.3,12913,2454,9618,841,389,290,5,47,47
North Dakota,1974,637000,2110.0,433.0,1544.7,132.3,50.1,27.9,1.4,7.8,12.9,13441,2758,9840,843,319,178,9,50,82
North Dakota,1975,635000,2284.1,539.2,1614.3,130.6,53.1,32.1,0.8,5.8,14.3,14504,3424,10251,829,337,204,5,37,91
North Dakota,1976,643000,2442.5,478.5,1804.5,159.4,71.9,48.7,1.4,5.6,16.2,15705,3077,11603,1025,462,313,9,36,104
North Dakota,1977,653000,2433.8,446.1,1843.0,144.7,67.1,43.8,0.9,9.0,13.3,15893,2913,12035,945,438,286,6,59,87
North Dakota,1978,652000,2338.3,423.0,1767.2,148.2,67.0,41.3,1.2,8.9,15.6,15246,2758,11522,966,437,269,8,58,102
North Dakota,1979,657000,2694.5,461.0,2071.1,162.4,61.3,41.7,1.5,8.2,9.9,17703,3029,13607,1067,403,274,10,54,65
North Dakota,1980,652437,2909.7,488.3,2242.2,179.2,54.0,35.6,1.2,9.5,7.7,18984,3186,14629,1169,352,232,8,62,50
North Dakota,1981,658000,2923.6,500.6,2258.2,164.7,67.5,43.6,2.3,8.7,12.9,19237,3294,14859,1084,444,287,15,57,85
North Dakota,1982,670000,2586.3,458.8,1987.2,140.3,61.8,38.5,0.7,9.9,12.7,17328,3074,13314,940,414,258,5,66,85
North Dakota,1983,680000,2621.8,436.3,2056.3,129.1,53.7,31.3,2.1,12.5,7.8,17828,2967,13983,878,365,213,14,85,53
North Dakota,1984,686000,2529.7,399.1,2019.8,110.8,53.6,31.6,1.2,13.1,7.7,17354,2738,13856,760,368,217,8,90,53
North Dakota,1985,685000,2632.4,427.0,2087.2,118.2,47.0,32.3,1.0,7.3,6.4,18032,2925,14297,810,322,221,7,50,44
North Dakota,1986,679000,2554.2,385.1,2049.2,119.9,51.3,31.7,1.0,11.6,6.9,17343,2615,13914,814,348,215,7,79,47
North Dakota,1987,672000,2776.2,455.4,2197.6,123.2,56.8,38.4,1.5,9.4,7.6,18656,3060,14768,828,382,258,10,63,51
North Dakota,1988,663000,2668.9,437.7,2112.7,118.6,59.1,38.0,1.8,11.2,8.1,17695,2902,14007,786,392,252,12,74,54
North Dakota,1989,660000,2497.7,358.9,2025.8,113.0,63.2,41.5,0.6,11.8,9.2,16485,2369,13370,746,417,274,4,78,61
North Dakota,1990,638800,2848.5,426.6,2288.8,133.1,73.9,47.4,0.8,17.8,7.8,18196,2725,14621,850,472,303,5,114,50
North Dakota,1991,635000,2728.5,372.8,2229.0,126.8,65.4,38.0,1.1,18.3,8.0,17326,2367,14154,805,415,241,7,116,51
North Dakota,1992,636000,2820.0,391.0,2279.6,149.4,83.3,50.3,1.9,23.3,7.9,17935,2487,14498,950,530,320,12,148,50
North Dakota,1993,635000,2738.1,373.2,2216.2,148.7,82.2,48.7,1.7,23.5,8.3,17387,2370,14073,944,522,309,11,149,53
North Dakota,1994,638000,2654.1,324.5,2178.5,151.1,81.8,47.2,0.2,23.4,11.1,16933,2070,13899,964,522,301,1,149,71
North Dakota,1995,641000,2779.6,350.7,2249.8,179.1,86.7,53.0,0.9,22.8,10.0,17817,2248,14421,1148,556,340,6,146,64
North Dakota,1996,644000,2585.1,309.2,2085.9,190.1,84.0,46.7,2.2,24.1,11.0,16648,1991,13433,1224,541,301,14,155,71
North Dakota,1997,641000,2624.2,358.8,2085.3,180.0,87.2,55.1,0.9,24.8,6.4,16821,2300,13367,1154,559,353,6,159,41
North Dakota,1998,638000,2591.7,356.4,2058.6,176.6,89.3,44.8,1.1,33.2,10.2,16535,2274,13134,1127,570,286,7,212,65
North Dakota,1999,633666,2327.4,368.8,1795.1,163.5,66.9,34.1,1.6,22.4,8.8,14748,2337,11375,1036,424,216,10,142,56
North Dakota,2000,642200,2206.6,325.9,1727.2,153.5,81.4,45.8,0.6,26.3,8.7,14171,2093,11092,986,523,294,4,169,56
North Dakota,2001,636550,2330.4,340.1,1819.7,170.6,79.3,43.0,1.1,25.8,9.4,14834,2165,11583,1086,505,274,7,164,60
North Dakota,2002,633911,2328.7,353.8,1814.3,160.6,78.2,42.6,0.8,25.7,9.1,14762,2243,11501,1018,496,270,5,163,58
North Dakota,2003,633400,2109.9,309.3,1630.4,170.2,80.2,45.2,1.4,25.3,8.4,13364,1959,10327,1078,508,286,9,160,53
North Dakota,2004,636308,1963.4,320.6,1495.5,147.3,87.7,51.9,1.3,27.8,6.8,12493,2040,9516,937,558,330,8,177,43
North Dakota,2005,634605,2025.0,321.9,1534.0,169.0,111.0,72.5,1.9,28.4,8.5,12848,2043,9732,1073,706,460,12,180,54
North Dakota,2006,635867,2100.9,409.0,1521.1,170.8,197.4,145.5,2.2,37.9,11.8,13359,2601,9672,1086,1255,925,14,241,75
North Dakota,2007,639715,2000.3,361.7,1485.0,153.5,209.9,156.2,2.7,39.4,11.7,12796,2314,9500,982,1343,999,17,252,75
North Dakota,2008,641481,2031.1,364.2,1524.9,142.0,224.6,159.9,1.7,51.6,11.4,13029,2336,9782,911,1441,1026,11,331,73
North Dakota,2009,646844,1980.8,375.1,1464.6,141.1,266.4,202.2,1.9,45.8,16.5,12813,2426,9474,913,1723,1308,12,296,107
North Dakota,2010,674629,1780.2,296.5,1354.4,129.4,229.5,178.3,1.5,36.3,13.3,12010,2000,9137,873,1548,1203,10,245,90
North Dakota,2011,684740,1947.3,359.0,1444.5,143.9,248.1,192.5,3.5,38.8,13.3,13334,2458,9891,985,1699,1318,24,266,91
North Dakota,2012,699628,2010.1,339.8,1505.8,164.5,244.7,183.1,4.0,38.9,18.7,14063,2377,10535,1151,1712,1281,28,272,131
North Dakota,2013,723393,199.9,2094.0,405.6,1492.7,270.1,22.4,2.2,45.6,31.8,1446,15148,2934,10798,1954,162,16,330,230
North Dakota,2014,739482,190.3,2110.3,366.1,1539.5,265.1,23.4,3.0,48.4,37.3,1407,15605,2707,11384,1960,173,22,358,276
North Dakota,2015,756927,171.5,2116.5,395.9,1511.4,239.4,19.6,2.8,45.6,36.5,1298,16020,2997,11440,1812,148,21,345,276
North Dakota,2016,757952,2295.9,427.9,1608.9,259.1,251.1,180.1,2.0,45.1,23.9,17402,3243,12195,1964,1903,1365,15,342,181
North Dakota,2017,755393,2197.8,389.5,1573.6,234.7,281.3,202.9,1.3,52.8,24.2,16602,2942,11887,1773,2125,1533,10,399,183
North Dakota,2018,760077,2040.2,358.4,1448.3,233.5,280.6,205.2,2.4,52.2,20.8,15507,2724,11008,1775,2133,1560,18,397,158
North Dakota,2019,762062,1977.0,342.2,1399.6,235.2,284.6,200.6,3.1,57.3,23.5,15066,2608,10666,1792,2169,1529,24,437,179
Ohio,1960,9706397,1475.2,383.9,956.7,134.6,83.7,34.5,3.2,5.9,40.1,143187,37260,92858,13069,8120,3347,311,572,3890
Ohio,1961,9876000,1502.7,401.8,979.0,122.0,80.9,32.5,3.1,5.6,39.6,148406,39677,96682,12047,7986,3212,306,554,3914
Ohio,1962,10097000,1482.9,396.3,950.2,136.5,82.9,36.6,3.2,5.2,37.9,149733,40014,95938,13781,8366,3695,321,520,3830
Ohio,1963,10173000,1651.8,431.5,1072.4,147.9,89.3,39.5,3.0,6.1,40.7,168038,43898,109095,15045,9086,4018,306,617,4145
Ohio,1964,10100000,1855.0,466.3,1205.2,183.4,114.7,57.9,3.5,7.1,46.2,187354,47100,121729,18525,11582,5848,350,721,4663
Ohio,1965,10245000,1821.2,470.5,1160.8,189.9,124.8,60.7,3.6,8.9,51.6,186587,48199,118929,19459,12788,6221,366,915,5286
Ohio,1966,10305000,1947.1,490.7,1220.9,235.5,151.6,67.8,4.5,9.3,70.0,200650,50567,125816,24267,15626,6985,462,963,7216
Ohio,1967,10458000,2333.4,607.6,1400.2,325.6,185.0,74.5,5.2,10.3,95.0,244028,63540,146432,34056,19344,7792,545,1073,9934
Ohio,1968,10591000,2580.5,659.4,1540.9,380.2,200.4,80.7,5.3,12.4,102.0,273301,69839,163192,40270,21228,8549,562,1309,10808
Ohio,1969,10740000,2886.1,740.1,1663.9,482.1,248.1,99.8,6.4,15.3,126.7,309966,79489,178701,51776,26648,10714,685,1645,13604
Ohio,1970,10652017,3290.1,853.9,1943.5,492.8,284.3,115.9,6.6,16.0,145.9,350465,90953,207024,52488,30279,12341,699,1700,15539
Ohio,1971,10778000,3367.8,932.6,1938.8,496.4,298.4,108.7,7.5,18.4,163.7,362983,100520,208962,53501,32159,11718,811,1988,17642
Ohio,1972,10783000,3140.0,901.3,1796.1,442.6,299.4,111.4,7.5,19.9,160.6,338584,97186,193673,47725,32286,12008,811,2149,17318
Ohio,1973,10731000,3204.1,943.0,1884.3,376.9,291.7,119.5,7.3,21.4,143.5,343836,101190,202203,40443,31304,12825,783,2299,15397
Ohio,1974,10737000,3859.3,1171.8,2285.1,402.4,364.1,140.2,8.9,23.9,191.2,414377,125821,245354,43202,39094,15048,952,2565,20529
Ohio,1975,10759000,4506.4,1271.4,2808.6,426.4,408.0,154.6,8.1,25.3,220.0,484844,136791,302174,45879,43901,16631,876,2721,23673
Ohio,1976,10690000,4559.5,1203.2,2978.2,378.1,388.7,171.7,7.4,25.8,183.8,487409,128618,318370,40421,41553,18357,792,2759,19645
Ohio,1977,10701000,4313.2,1216.0,2696.8,400.4,406.7,181.1,7.8,27.3,190.5,461553,130121,288581,42851,43521,19381,833,2921,20386
Ohio,1978,10749000,4246.2,1214.5,2629.7,402.0,412.7,195.8,6.9,27.4,182.6,456419,130543,282666,43210,44357,21042,741,2947,19627
Ohio,1979,10731000,4672.3,1287.2,2946.2,438.9,457.5,222.8,8.1,31.8,194.8,501389,138128,316162,47099,49092,23909,865,3409,20909
Ohio,1980,10766808,4933.1,1466.3,3040.1,426.7,498.3,232.2,8.1,34.3,223.7,531141,157874,327322,45945,53646,24997,871,3696,24082
Ohio,1981,10776000,4950.8,1493.6,3032.4,424.8,496.6,221.3,7.4,31.0,236.9,533498,160951,326770,45777,53509,23842,799,3339,25529
Ohio,1982,10791000,4498.8,1309.6,2807.5,381.7,436.7,217.0,6.3,29.9,183.6,485468,141316,302962,41190,47126,23418,676,3223,19809
Ohio,1983,10746000,4107.2,1155.6,2607.1,344.6,397.9,201.4,5.6,31.5,159.4,441362,124179,280156,37027,42759,21640,600,3387,17132
Ohio,1984,10752000,3887.8,1049.9,2475.3,362.5,385.3,199.9,5.1,34.7,145.6,418011,112887,266148,38976,41430,21489,551,3734,15656
Ohio,1985,10744000,3805.7,976.5,2476.4,352.7,381.6,206.4,5.2,36.9,133.1,408882,104920,266066,37896,41000,22179,554,3966,14301
Ohio,1986,10752000,3937.8,987.8,2574.2,375.7,420.9,234.7,5.5,38.6,142.1,423387,106212,276779,40396,45260,25231,595,4151,15283
Ohio,1987,10784000,4154.0,1062.5,2708.6,382.9,421.3,222.5,5.8,39.9,153.1,447964,114580,292093,41291,45436,23990,630,4305,16511
Ohio,1988,10872000,4193.2,1031.4,2762.6,399.2,452.0,242.7,5.4,42.6,161.4,455890,112130,300355,43405,49144,26381,585,4632,17546
Ohio,1989,10907000,4264.6,1018.2,2811.1,435.3,468.6,247.1,6.0,44.7,170.9,465143,111057,306609,47477,51109,26950,652,4872,18635
Ohio,1990,10847115,4337.3,982.5,2864.1,490.6,506.2,264.7,6.1,46.8,188.5,470469,106575,310673,53221,54904,28715,663,5075,20451
Ohio,1991,10939000,4471.2,1055.2,2915.6,500.4,561.8,287.0,7.2,52.5,215.2,489100,115423,318933,54744,61460,31393,783,5748,23536
Ohio,1992,11016000,4139.6,947.3,2721.3,471.0,525.9,268.2,6.6,52.1,199.0,456017,104357,299774,51886,57935,29547,724,5739,21925
Ohio,1993,11091000,3981.2,878.1,2667.7,435.3,504.1,256.3,6.0,49.1,192.7,441550,97394,295880,48276,55915,28431,667,5444,21373
Ohio,1994,11102000,3975.7,866.3,2682.3,427.1,485.8,245.1,6.0,47.1,187.5,441380,96175,297792,47413,53930,27216,662,5231,20821
Ohio,1995,11151000,3922.7,838.8,2669.0,414.9,482.5,255.0,5.4,43.4,178.7,437424,93539,297624,46261,53799,28433,600,4835,19931
Ohio,1996,11173000,4027.0,835.4,2784.1,407.5,428.7,218.4,4.8,41.3,164.1,449935,93336,311071,45528,47896,24405,538,4617,18336
Ohio,1997,11186000,4074.7,844.6,2824.1,406.0,435.4,231.2,4.7,40.8,158.7,455799,94972,315908,45419,48706,25862,523,4566,17755
Ohio,1998,11209000,3965.0,810.1,2771.1,383.8,362.5,184.5,4.0,40.5,133.5,444438,90805,310612,43021,40628,20682,443,4543,14960
Ohio,1999,11256654,3680.2,773.1,2558.9,348.2,316.4,148.2,3.5,36.7,128.0,414264,87023,288049,39192,35616,16685,397,4129,14405
Ohio,2000,11353140,3707.7,780.7,2583.2,343.7,334.1,155.3,3.7,37.6,137.5,420939,88636,293277,39026,37935,17636,418,4271,15610
Ohio,2001,11389785,3820.2,850.9,2598.6,370.8,351.4,157.2,4.0,39.2,151.0,435115,96910,295976,42229,40023,17906,452,4466,17199
Ohio,2002,11408699,3760.1,869.2,2516.0,374.9,351.7,148.3,4.6,42.2,156.6,428976,99164,287045,42767,40128,16922,526,4809,17871
Ohio,2003,11437680,3650.1,831.3,2460.1,358.6,333.9,140.8,4.6,40.7,147.7,417483,95083,281383,41017,38185,16104,526,4660,16895
Ohio,2004,11450143,3662.3,842.9,2464.3,355.0,338.7,140.7,4.4,41.4,152.2,419337,96518,282168,40651,38787,16108,506,4744,17429
Ohio,2005,11470685,3668.0,873.4,2433.0,362.0,350.0,141.5,5.1,40.7,162.8,420705,100183,279051,41471,40162,16228,590,4671,18673
Ohio,2006,11478006,3688.2,920.4,2437.0,330.9,361.5,145.9,4.9,41.6,169.2,423334,105639,279718,37977,41491,16743,560,4770,19418
Ohio,2007,11466917,3468.1,863.8,2308.2,296.1,355.4,150.2,4.6,40.6,160.0,397681,99049,264677,33955,40759,17218,529,4661,18351
Ohio,2008,11485910,3410.0,891.8,2270.5,247.7,352.0,145.0,4.8,39.4,162.9,391667,102428,260788,28451,40436,16652,547,4531,18706
Ohio,2009,11542645,3261.3,901.1,2163.9,196.3,331.9,138.5,4.6,35.7,153.1,376446,104009,249777,22660,38305,15989,527,4119,17670
Ohio,2010,11537968,3266.1,928.5,2154.5,183.1,314.7,135.3,4.2,32.3,142.9,376836,107125,248581,21130,36306,15611,479,3730,16486
Ohio,2011,11541007,3297.6,978.3,2138.0,181.3,305.2,130.4,4.3,31.9,138.6,380572,112901,246744,20927,35218,15048,500,3679,15991
Ohio,2012,11544225,3117.4,895.9,2052.5,169.0,299.7,131.7,4.3,31.7,132.0,359883,103421,236950,19512,34595,15207,495,3658,15235
Ohio,2013,11570808,123.2,2927.5,790.2,1968.5,286.2,124.2,3.9,34.9,24.4,14257,338731,91433,227766,33121,14368,455,4041,2824
Ohio,2014,11594163,127.4,2799.1,680.0,1963.6,284.9,110.0,4.0,43.5,35.3,14771,324528,78845,227668,33030,12753,464,5042,4097
Ohio,2015,11613423,135.1,2587.7,596.7,1842.6,291.9,108.1,4.3,44.3,35.8,15695,300525,69303,213993,33898,12554,500,5149,4154
Ohio,2016,11614373,2577.5,575.9,1832.3,169.3,300.3,138.7,5.6,48.1,107.8,299357,66883,212807,19667,34877,16111,654,5589,12523
Ohio,2017,11658609,2419.1,502.4,1743.0,173.7,297.5,141.6,6.1,50.3,99.5,282034,58573,203208,20253,34683,16509,710,5859,11605
Ohio,2018,11689442,2177.1,412.2,1594.6,170.3,279.9,151.2,4.8,45.3,78.6,254496,48186,186401,19909,32723,17674,564,5300,9185
Ohio,2019,11689100,2055.7,375.5,1520.4,159.7,293.2,163.9,4.6,49.0,75.7,240291,43894,177725,18672,34269,19154,538,5731,8846
South Dakota,1960,680514,1122.5,247.9,788.1,86.6,41.4,24.8,2.1,5.4,9.1,7639,1687,5363,589,282,169,14,37,62
South Dakota,1961,690000,1103.2,239.9,771.4,91.9,35.5,18.8,1.7,6.1,8.8,7612,1655,5323,634,245,130,12,42,61
South Dakota,1962,721000,1065.2,255.6,715.7,93.9,38.7,20.9,3.3,5.8,8.6,7680,1843,5160,677,279,151,24,42,62
South Dakota,1963,737000,1079.0,246.7,740.6,91.7,37.7,20.6,1.2,5.3,10.6,7952,1818,5458,676,278,152,9,39,78
South Dakota,1964,715000,1162.2,261.5,816.4,84.3,57.1,42.1,1.3,5.5,8.3,8310,1870,5837,603,408,301,9,39,59
South Dakota,1965,703000,1216.6,264.3,878.7,73.7,59.0,41.4,1.6,6.8,9.2,8553,1858,6177,518,415,291,11,48,65
South Dakota,1966,682000,1430.6,318.9,1021.1,90.6,83.3,62.9,1.5,8.9,10.0,9757,2175,6964,618,568,429,10,61,68
South Dakota,1967,674000,1469.7,341.5,1044.1,84.1,86.9,62.0,3.7,8.3,12.9,9906,2302,7037,567,586,418,25,56,87
South Dakota,1968,657000,1667.4,430.1,1133.8,103.5,85.7,52.4,3.8,10.2,19.3,10955,2826,7449,680,563,344,25,67,127
South Dakota,1969,659000,1754.5,425.0,1223.5,105.9,77.4,51.4,2.0,11.1,12.9,11562,2801,8063,698,510,339,13,73,85
South Dakota,1970,666257,1961.1,471.3,1396.2,93.7,92.5,60.5,3.8,11.1,17.1,13066,3140,9302,624,616,403,25,74,114
South Dakota,1971,670000,1963.1,453.3,1426.6,83.3,96.1,66.9,1.2,9.9,18.2,13153,3037,9558,558,644,448,8,66,122
South Dakota,1972,679000,2016.2,472.8,1436.1,107.4,111.3,83.2,1.2,11.3,15.6,13690,3210,9751,729,756,565,8,77,106
South Dakota,1973,685000,2048.9,498.7,1406.0,144.2,126.9,85.5,3.8,12.8,24.7,14035,3416,9631,988,869,586,26,88,169
South Dakota,1974,682000,2489.9,597.1,1735.3,157.5,180.9,147.8,2.1,10.7,20.4,16981,4072,11835,1074,1234,1008,14,73,139
South Dakota,1975,683000,2533.7,667.8,1698.0,167.9,205.3,154.0,3.7,16.5,31.0,17305,4561,11597,1147,1402,1052,25,113,212
South Dakota,1976,686000,2454.2,620.4,1684.3,149.6,186.2,145.9,1.7,15.3,23.2,16836,4256,11554,1026,1277,1001,12,105,159
South Dakota,1977,689000,2422.4,570.5,1704.4,147.5,189.1,155.7,2.0,13.5,17.9,16690,3931,11743,1016,1303,1073,14,93,123
South Dakota,1978,690000,2525.8,599.7,1766.1,160.0,163.5,134.8,1.9,10.9,15.9,17428,4138,12186,1104,1128,930,13,75,110
South Dakota,1979,689000,2800.7,626.4,2000.3,174.0,159.1,120.3,2.0,16.4,20.3,19297,4316,13782,1199,1096,829,14,113,140
South Dakota,1980,688217,3116.3,692.5,2255.2,168.6,126.8,93.6,0.7,12.5,20.1,21447,4766,15521,1160,873,644,5,86,138
South Dakota,1981,685000,2908.3,634.7,2129.5,144.1,104.8,73.7,1.8,11.5,17.8,19922,4348,14587,987,718,505,12,79,122
South Dakota,1982,691000,2545.9,562.2,1865.3,118.4,99.0,67.7,2.7,11.4,17.1,17592,3885,12889,818,684,468,19,79,118
South Dakota,1983,700000,2427.6,545.7,1779.0,102.9,120.0,85.0,2.1,17.0,15.9,16993,3820,12453,720,840,595,15,119,111
South Dakota,1984,706000,2465.0,499.9,1855.8,109.3,147.5,103.8,1.8,26.9,14.9,17403,3529,13102,772,1041,733,13,190,105
South Dakota,1985,708000,2504.2,546.2,1856.2,101.8,136.6,93.9,1.8,23.7,17.1,17730,3867,13142,721,967,665,13,168,121
South Dakota,1986,708000,2591.2,553.5,1939.0,98.7,124.7,86.9,4.0,17.7,16.2,18346,3919,13728,699,883,615,28,125,115
South Dakota,1987,709000,2558.3,534.1,1928.5,95.6,119.7,85.0,1.8,20.6,12.3,18138,3787,13673,678,849,603,13,146,87
South Dakota,1988,715000,2467.3,517.9,1853.8,95.5,113.7,71.6,3.1,26.9,12.2,17641,3703,13255,683,813,512,22,192,87
South Dakota,1989,715000,2549.7,474.7,1966.0,109.0,135.5,90.5,1.3,32.0,11.7,18230,3394,14057,779,969,647,9,229,84
South Dakota,1990,696004,2746.5,527.4,2108.9,110.2,162.8,114.1,2.0,34.3,12.4,19116,3671,14678,767,1133,794,14,239,86
South Dakota,1991,703000,2897.0,589.8,2192.3,114.9,182.2,122.0,1.7,39.7,18.8,20366,4146,15412,808,1281,858,12,279,132
South Dakota,1992,711000,2804.4,541.4,2161.9,101.1,194.5,125.3,0.6,51.8,16.9,19939,3849,15371,719,1383,891,4,368,120
South Dakota,1993,715000,2749.8,549.2,2086.0,114.5,208.4,145.6,3.4,44.5,15.0,19661,3927,14915,819,1490,1041,24,318,107
South Dakota,1994,721000,2874.6,546.2,2207.5,120.9,227.6,165.5,1.4,42.0,18.7,20726,3938,15916,872,1641,1193,10,303,135
South Dakota,1995,729000,2853.1,540.7,2191.5,120.9,207.5,138.8,1.8,41.0,25.9,20799,3942,15976,881,1513,1012,13,299,189
South Dakota,1996,732000,2792.8,557.0,2121.9,113.9,177.2,116.1,1.2,41.0,18.9,20443,4077,15532,834,1297,850,9,300,138
South Dakota,1997,738000,3047.6,553.9,2377.4,116.3,197.4,124.4,1.4,48.4,23.3,22491,4088,17545,858,1457,918,10,357,172
South Dakota,1998,738000,2469.8,468.6,1897.8,103.4,154.3,97.8,1.4,35.0,20.2,18227,3458,14006,763,1139,722,10,258,149
South Dakota,1999,733133,2476.9,444.0,1915.5,117.4,167.4,105.0,2.5,45.8,14.0,18159,3255,14043,861,1227,770,18,336,103
South Dakota,2000,754844,2153.0,383.7,1663.7,105.7,166.8,108.1,0.9,40.4,17.4,16252,2896,12558,798,1259,816,7,305,131
South Dakota,2001,758324,2172.3,407.1,1657.7,107.5,154.4,93.6,0.9,46.3,13.6,16473,3087,12571,815,1171,710,7,351,103
South Dakota,2002,760437,2103.0,399.0,1596.3,107.7,177.5,113.2,1.4,47.5,15.4,15992,3034,12139,819,1350,861,11,361,117
South Dakota,2003,764905,2003.4,376.3,1512.9,114.3,173.7,112.3,1.3,46.5,13.6,15324,2878,11572,874,1329,859,10,356,104
South Dakota,2004,770621,1931.6,408.5,1413.1,109.9,171.2,110.8,2.2,43.6,14.5,14885,3148,10890,847,1319,854,17,336,112
South Dakota,2005,774883,1767.0,323.3,1336.0,108.0,179.0,109.3,2.3,48.7,18.7,13694,2505,10350,839,1387,847,18,377,145
South Dakota,2006,781919,1766.4,386.7,1273.0,106.7,264.9,181.3,3.8,59.5,20.2,13812,3024,9954,834,2071,1418,30,465,158
South Dakota,2007,796214,1736.8,332.4,1305.9,98.5,241.9,168.8,3.9,54.4,14.8,13829,2647,10398,784,1926,1344,31,433,118
South Dakota,2008,804194,1724.3,333.6,1276.6,114.2,276.9,185.8,4.6,69.9,16.7,13867,2683,10266,918,2227,1494,37,562,134
South Dakota,2009,812383,1769.9,322.6,1340.6,106.6,218.7,139.0,3.7,61.7,14.4,14378,2621,10891,866,1777,1129,30,501,117
South Dakota,2010,816598,1859.9,390.9,1371.1,98.0,268.9,200.1,2.8,47.1,18.9,15188,3192,11196,800,2196,1634,23,385,154
South Dakota,2011,823593,1857.6,355.4,1387.0,115.2,255.6,171.8,2.4,61.1,20.3,15299,2927,11423,949,2105,1415,20,503,167
South Dakota,2012,833354,2060.1,391.0,1541.4,127.8,321.8,229.7,3.0,70.2,19.0,17168,3258,12845,1065,2682,1914,25,585,158
South Dakota,2013,844877,236.2,1914.7,399.1,1404.6,316.5,18.8,2.4,59.1,41.3,1996,16177,3372,11867,2674,159,20,499,349
South Dakota,2014,853175,245.7,1863.9,330.3,1415.5,326.5,23.4,2.3,55.1,48.4,2096,15902,2818,12077,2786,200,20,470,413
South Dakota,2015,858469,296.6,1943.0,344.8,1459.8,383.1,25.2,3.7,57.7,51.4,2546,16680,2960,12532,3289,216,32,495,441
South Dakota,2016,865454,1980.6,346.6,1460.4,173.6,418.4,325.0,3.1,58.8,31.4,17141,3000,12639,1502,3621,2813,27,509,272
South Dakota,2017,869666,1876.2,311.3,1405.9,159.0,433.6,335.0,2.9,68.4,27.4,16317,2707,12227,1383,3771,2913,25,595,238
South Dakota,2018,882235,1728.7,291.4,1264.5,172.7,404.7,304.0,1.4,69.6,29.7,15251,2571,11156,1524,3570,2682,12,614,262
South Dakota,2019,884659,1771.0,299.1,1273.4,198.5,399.0,302.5,1.9,72.6,22.0,15667,2646,11265,1756,3530,2676,17,642,195
Wisconsin,1960,3951777,1113.7,198.6,810.6,104.4,31.9,19.6,1.3,2.8,8.3,44009,7847,32035,4127,1261,775,50,109,327
Wisconsin,1961,4022000,1160.3,224.3,850.2,85.8,31.5,18.5,1.6,2.5,9.0,46669,9021,34197,3451,1268,743,63,101,361
Wisconsin,1962,4092000,1149.5,214.0,831.9,103.6,28.7,16.9,0.9,2.4,8.5,47038,8757,34041,4240,1174,691,37,98,348
Wisconsin,1963,4061000,1314.7,236.0,958.4,120.3,32.3,18.1,1.7,2.8,9.7,53390,9584,38919,4887,1312,734,70,115,393
Wisconsin,1964,4107000,1542.4,285.5,1114.1,142.9,42.9,27.4,1.5,3.0,11.0,63348,11725,45756,5867,1762,1127,60,124,451
Wisconsin,1965,4144000,1542.8,286.5,1102.8,153.5,46.1,29.5,1.5,3.6,11.5,63934,11871,45701,6362,1911,1223,64,149,475
Wisconsin,1966,4161000,1851.8,344.8,1315.5,191.6,47.7,29.2,1.9,3.6,12.9,77055,14346,54736,7973,1984,1216,80,151,537
Wisconsin,1967,4189000,2161.8,450.3,1496.8,214.6,70.4,35.9,1.9,4.6,28.0,90556,18862,62703,8991,2948,1503,80,194,1171
Wisconsin,1968,4213000,2305.6,503.8,1597.7,204.1,80.7,39.2,2.2,6.2,33.1,97134,21225,67312,8597,3400,1652,92,262,1394
Wisconsin,1969,4233000,2407.5,498.5,1685.1,223.9,80.6,43.1,2.1,7.2,28.3,101909,21101,71330,9478,3411,1823,87,305,1196
Wisconsin,1970,4417933,2616.2,538.5,1860.1,217.6,85.8,44.0,2.0,6.7,33.1,115584,23792,82178,9614,3792,1946,88,296,1462
Wisconsin,1971,4476000,2921.8,629.4,2051.8,240.6,88.4,46.4,2.8,7.6,31.5,130780,28172,91837,10771,3957,2079,126,341,1411
Wisconsin,1972,4520000,2854.5,638.5,1983.2,232.7,96.4,48.6,2.8,8.3,36.7,129024,28862,89642,10520,4358,2195,126,376,1661
Wisconsin,1973,4569000,3061.5,710.6,2122.0,228.9,115.4,53.3,2.6,10.8,48.7,139878,32467,96953,10458,5273,2436,119,492,2226
Wisconsin,1974,4566000,3500.7,836.9,2417.8,246.1,140.4,59.9,3.0,11.3,66.3,159843,38212,110395,11236,6411,2734,138,514,3025
Wisconsin,1975,4607000,3823.9,918.5,2665.4,239.9,151.8,64.5,3.3,10.6,73.4,176165,42317,122794,11054,6992,2971,150,490,3381
Wisconsin,1976,4609000,3763.0,843.8,2696.4,222.8,137.7,63.5,3.0,11.8,59.3,173437,38891,124275,10271,6345,2929,140,542,2734
Wisconsin,1977,4651000,3681.9,846.9,2614.2,220.7,131.5,63.7,2.8,12.9,52.2,171245,39390,121588,10267,6117,2961,130,600,2426
Wisconsin,1978,4679000,3748.1,846.3,2672.3,229.5,132.2,65.2,2.5,14.5,49.9,175372,39599,125037,10736,6184,3053,118,677,2336
Wisconsin,1979,4720000,4221.9,949.3,3005.9,266.7,166.1,86.1,3.4,16.1,60.5,199273,44806,141880,12587,7839,4064,160,758,2857
Wisconsin,1980,4680917,4616.0,1079.4,3291.4,245.2,182.6,94.1,2.9,14.9,70.7,216073,50524,154070,11479,8546,4403,136,697,3310
Wisconsin,1981,4739000,4579.0,1072.2,3289.6,217.2,187.9,100.2,3.4,15.7,68.6,216997,50813,155892,10292,8904,4749,161,745,3249
Wisconsin,1982,4765000,4248.6,977.2,3088.7,182.7,190.5,101.9,3.1,14.3,71.2,202447,46564,147177,8706,9077,4856,148,680,3393
Wisconsin,1983,4751000,4064.8,883.6,2976.9,204.3,190.9,98.1,2.8,18.1,71.9,193118,41980,141434,9704,9070,4663,131,861,3415
Wisconsin,1984,4766000,3975.7,834.1,2906.5,235.1,196.5,111.1,2.5,16.6,66.4,189484,39755,138526,11203,9367,5293,117,790,3167
Wisconsin,1985,4775000,3809.8,795.5,2792.6,221.6,206.9,115.6,2.8,18.3,70.2,181918,37987,133349,10582,9880,5519,135,875,3351
Wisconsin,1986,4785000,3838.9,782.9,2802.2,253.8,257.9,161.9,3.1,20.1,72.8,183692,37464,134083,12145,12339,7746,149,961,3483
Wisconsin,1987,4807000,3919.5,842.6,2830.4,246.5,249.9,160.2,3.5,19.8,66.4,188411,40502,136058,11851,12014,7700,168,954,3192
Wisconsin,1988,4858000,3757.6,729.2,2759.3,269.2,214.4,124.5,3.0,19.9,67.1,182545,35423,134046,13076,10414,6047,144,965,3258
Wisconsin,1989,4867000,3942.2,733.2,2877.3,331.7,222.6,123.4,3.6,20.4,75.2,191869,35683,140040,16146,10834,6006,176,993,3659
Wisconsin,1990,4891769,4130.4,751.4,2962.6,416.5,264.7,126.7,4.6,20.7,112.7,202052,36755,144924,20373,12948,6196,225,1013,5514
Wisconsin,1991,4955000,4188.9,751.6,3000.9,436.4,277.0,127.7,4.8,25.4,119.0,207560,37241,148695,21624,13723,6330,239,1259,5895
Wisconsin,1992,5007000,4043.3,691.9,2919.9,431.5,275.7,125.3,4.4,26.3,119.8,202448,34645,146198,21605,13806,6276,218,1315,5997
Wisconsin,1993,5038000,3789.7,663.0,2762.0,364.7,264.4,121.4,4.4,25.2,113.4,190923,33400,139148,18375,13321,6116,222,1269,5714
Wisconsin,1994,5082000,3673.8,645.9,2667.4,360.5,270.5,129.7,4.5,23.5,112.9,186704,32824,135559,18321,13748,6590,227,1192,5739
Wisconsin,1995,5123000,3604.6,613.2,2627.8,363.6,281.1,148.4,4.3,23.3,105.1,184665,31416,134623,18626,14399,7602,219,1194,5384
Wisconsin,1996,5160000,3568.7,588.3,2634.5,345.9,252.7,131.1,4.0,21.0,96.6,184143,30356,135941,17846,13039,6767,204,1086,4982
Wisconsin,1997,5170000,3407.1,570.7,2533.9,302.5,270.6,145.5,4.0,20.3,100.9,176145,29503,131002,15640,13988,7521,205,1048,5214
Wisconsin,1998,5224000,3294.1,569.3,2452.8,272.0,249.0,139.9,3.6,19.9,85.6,172084,29740,128134,14210,13009,7308,190,1037,4474
Wisconsin,1999,5250446,3050.3,488.2,2298.9,263.2,245.8,137.6,3.4,20.1,84.7,160154,25633,120702,13819,12908,7225,179,1055,4449
Wisconsin,2000,5363675,2972.3,469.5,2229.9,272.9,236.8,127.3,3.2,21.7,84.6,159424,25183,119605,14636,12700,6829,169,1165,4537
Wisconsin,2001,5405947,3087.8,498.1,2317.4,272.3,231.0,124.1,3.6,21.1,82.2,166924,26927,125275,14722,12486,6708,192,1142,4444
Wisconsin,2002,5439692,3028.6,513.4,2267.9,247.4,225.0,112.8,2.8,22.7,86.6,164749,27926,123365,13458,12238,6134,154,1237,4713
Wisconsin,2003,5474290,2880.4,484.9,2169.7,225.8,221.1,115.5,3.3,22.0,80.3,157684,26546,118775,12363,12104,6322,183,1202,4397
Wisconsin,2004,5503533,2665.7,433.4,2025.6,206.7,209.8,112.5,2.8,20.6,73.9,146710,23854,111482,11374,11548,6191,154,1136,4067
Wisconsin,2005,5527644,2669.0,442.3,2000.0,228.0,242.0,135.2,3.7,20.5,82.4,147556,24448,110531,12577,13367,7471,206,1135,4555
Wisconsin,2006,5556506,2821.0,486.6,2081.9,252.5,286.1,160.8,3.0,22.2,100.1,156748,27038,115682,14028,15899,8937,165,1233,5564
Wisconsin,2007,5601640,2843.9,497.9,2105.8,240.3,291.5,168.5,3.3,21.9,97.8,159305,27890,117957,13458,16330,9438,185,1227,5480
Wisconsin,2008,5627967,2762.2,487.9,2069.2,205.1,275.5,161.2,2.6,20.0,91.7,155456,27459,116456,11541,15507,9070,146,1128,5163
Wisconsin,2009,5654774,2611.8,474.2,1979.7,158.0,259.1,150.0,2.6,19.8,86.7,147692,26813,111947,8932,14650,8482,146,1118,4904
Wisconsin,2010,5691659,2508.6,468.0,1897.4,143.2,248.9,145.9,2.7,20.9,79.3,142781,26636,107993,8152,14167,8305,155,1191,4516
Wisconsin,2011,5709843,2450.4,475.8,1829.7,144.9,249.9,146.1,2.4,20.8,80.6,139912,27167,104472,8273,14268,8340,138,1190,4600
Wisconsin,2012,5726398,2453.8,488.0,1822.3,143.5,280.5,175.5,3.0,21.3,80.7,140513,27945,104352,8216,16064,10050,173,1219,4622
Wisconsin,2013,5742713,161.6,2188.7,424.0,1636.0,277.9,84.2,2.8,29.4,22.6,9278,125688,24347,93953,15961,4834,162,1687,1296
Wisconsin,2014,5757564,170.4,2088.3,368.5,1547.6,290.3,88.0,2.9,29.1,20.3,9809,120238,21216,89103,16714,5066,165,1674,1168
Wisconsin,2015,5771337,180.1,1974.0,338.8,1444.8,305.8,90.7,4.2,30.8,21.2,10395,113924,19554,83385,17647,5232,240,1780,1224
Wisconsin,2016,5778708,1933.3,336.1,1424.8,172.3,305.9,186.3,4.0,34.2,81.4,111720,19425,82337,9958,17679,10765,229,1979,4706
Wisconsin,2017,5795483,1808.3,303.7,1341.3,163.4,319.9,204.8,3.2,36.9,75.0,104802,17599,77735,9468,18539,11869,186,2139,4345
Wisconsin,2018,5813568,1559.9,242.5,1168.9,148.5,295.4,193.7,3.0,38.7,60.0,90686,14099,67953,8634,17176,11263,176,2248,3489
Wisconsin,2019,5822434,1471.4,217.6,1127.0,126.8,293.2,200.0,3.0,38.8,51.4,85672,12667,65620,7385,17070,11643,175,2261,2991
